{
    "Description" : {
        "Id" : "forcedevent_co_lock_And_Load1",
        "Name" : "Lock’n’load",
        "Details" : "Yang Virtanen asks you to come to the Mech Bay: he has news about the [[DM.MechDefs[mechdef_archer_ARC-2Rb_CRS],Archer]] that [[DM.BaseDescriptionDefs[LoreCarnorSal],Carnor Sal]] sent you. In addition to your Chief MechTech, Darius is already there: it looks like Yang pulled him away from the break – he has a huge sandwich in his hand.\r\n\r\n\"Nice to see you, Boss,\" Virtanen waves at you in greeting, beckoning you over. In his cybernetic hand he holds an old [[DM.BaseDescriptionDefs[LoreNeurohelmet],neurohelmet]]. \"We found what's wrong with our \"cursed\" ‘Mech. Here's the culprit, huh.\"",
        "Icon" : "uixTxrSpot_FP_Lock_And_Load"
    },
    "Scope" : "Company",
    "Weight" : 1000,
    "Requirements" : {
        "Scope" : "Company",
        "RequirementTags" : {
            "tagSetSourceFile" : "Tags/CompanyTags",
            "items" : [
                "event_co_prodigal_Archer_finished"
            ]
        },
        "ExclusionTags" : {
            "tagSetSourceFile" : "Tags/CompanyTags",
            "items" : [
                "event_co_lock_And_Load1_finished"
            ]
        },
        "RequirementComparisons" : []
    },
    "AdditionalRequirements" : [],
    "AdditionalObjects" : [],
    "Options" : [
        {
            "Description" : {
                "Id" : "outcome_0",
                "Name" : "Ask Yang to tell you more.",
                "Details" : "honest option, One-on-One fight",
                "Icon" : null
            },
            "RequirementList" : [],
            "ResultSets" : [
                {
                    "Description" : {
                        "Id" : "outcome_0_0",
                        "Name" : "high spirits, the fans approve",
                        "Details" : "Looking together with the enthusiastically chewing Darius as Virtanen places a helmet on a nearby workbench, you ask in surprise, \"Chief, explain in more detail. Helmet? Seriously? No, I know that they should be customized for the pilot, but...\"\r\n\r\n\"I didn’t have time, as I told you earlier, but I’m surprised that none of Sal’s guys noticed this. This isn’t a typical helmet, or even a typical fancy [[DM.BaseDescriptionDefs[LoreSLDFNeurohelmet],SLDF neurohelmet]], which are so prized today,\" Chief MechTech lightly slaps his palm on a metal surface. \"This... Well, I had to dig into the reference books and all that, but, in short, this is an [[DM.BaseDescriptionDefs[LoreAdvancedSLDFNeurohelmet],advanced]] version of the neurohelmet, there are almost no surviving ones. This one, you might say, is an object of engineering art, Boss, was developed at the very end of the [[DM.BaseDescriptionDefs[LoreStarLeague],Star League]]. And a piece of junk in the same time.\"\r\n\r\nDarius ends up choking on his sandwich and you slap him hard on the back. When your XO’s life is no longer in danger, he asks for further explanation.\r\n\r\nYang shrugs, \"As I said, this isn’t just a helmet, when it works properly, it offers many interesting gizmos, improved reflexes and 'Mech controls. The point is... well, it must work properly. And it can cause serious harm, even to the point of almost incapacitating MechWarriors. It's very hard to adjust, and I couldn't fix it completely... I don't know if even the Star League engineers managed to fix it before [[DM.BaseDescriptionDefs[LoreStefanAmaris],Amaris]] made everything explode with the [[DM.BaseDescriptionDefs[LoreAmarisCivilWar],Civil War]]... and then the [[DM.BaseDescriptionDefs[LoreExodus],Exodus]] happened, and the [[DM.BaseDescriptionDefs[LoreSuccessionWars],Succession Wars]] too....\"\r\n\r\nYou raise your eyebrow thoughtfully, \"You're not telling me everything, right?\"\r\n\r\nYang nods, \"Yeah. The point is, it's usable, even if barely. And I'm almost sure it will make MechWarrior using it deal with the bad side effects sooner rather than later, but as long as it will work well, it will be amazing. Whether you want to use it is up to you, Boss. And we got the Archer in order and connected another helmet, it’s locked and loaded, ready for battle as never before. That's all I wanted to tell you. By the way, Darius, do you have a second sandwich?\"",
                        "Icon" : null
                    },
                    "Weight" : 100,
                    "Results" : [
                        {
                            "Scope" : "Company",
                            "Requirements" : null,
                            "AddedTags" : {
                                "tagSetSourceFile" : "",
                                "items" : [
                                    "event_co_lock_And_Load1_finished"
                                ]
                            },
                            "RemovedTags" : {
                                "tagSetSourceFile" : "",
                                "items" : []
                            },
                            "Stats" : [
                                {
                                    "typeString" : "System.Int32",
                                    "name" : "Item.UpgradeDef.Gear_Cockpit_Advanced_SLDF_Neurohelmet",
                                    "value" : "1",
                                    "set" : false,
                                    "valueConstant" : null
                                }
                            ],
                            "Actions" : [
								{
									"Type" : "System_SetDropship",
									"value" : "",
									"valueConstant" : "RemoveMech",
									"additionalValues" : [
									"chassisdef_archer_ARC-2Rb_CRS"
									]
								},
                                {
                                    "Type" : "System_ShowRewards",
                                    "value" : "itemCollection_loot_event_Lock_And_Load",
                                    "valueConstant" : null,
                                    "additionalValues" : null
                                }
							],
                            "ForceEvents" : null,
                            "TemporaryResult" : false,
                            "ResultDuration" : 0
                        }
                    ]
                }
            ],
            "Requirements" : {
                "Scope" : "Company",
                "RequirementTags" : {
                    "tagSetSourceFile" : "",
                    "items" : []
                },
                "ExclusionTags" : {
                    "tagSetSourceFile" : "",
                    "items" : []
                },
                "RequirementComparisons" : []
            }
        },
        {
            "Description" : {
                "Id" : "outcome_1",
                "Name" : "Wait until he tells you everything.",
                "Details" : "dishonest option, One-on-One fight",
                "Icon" : null
            },
            "RequirementList" : [],
            "ResultSets" : [
                {
                    "Description" : {
                        "Id" : "outcome_1_0",
                        "Name" : "high spirits, fans approve",
                        "Details" : "You nod as a sign that you are listening so as not to interrupt Virtanen, but Darius, who was chewing so enthusiastically before, does it for you, \"Tell us more, Chief. I know that the helmet needs to be adjusted for the pilot, but I don’t see what’s so special in this one.\"\r\n\r\n\"I didn’t have time, as I told you earlier, but I’m surprised that none of Sal’s guys noticed this. This isn’t a typical helmet, or even a typical fancy [[DM.BaseDescriptionDefs[LoreSLDFNeurohelmet],SLDF neurohelmet]], which are so prized today,\" Chief MechTech lightly slaps his palm on a metal surface. \"This... Well, I had to dig into the reference books and all that, but, in short, this is an [[DM.BaseDescriptionDefs[LoreAdvancedSLDFNeurohelmet],advanced]] version of the neurohelmet, there are almost no surviving ones. This one, you might say, is an object of engineering art, Boss, was developed at the very end of the [[DM.BaseDescriptionDefs[LoreStarLeague],Star League]]. And a piece of junk in the same time.\"\r\n\r\nDarius ends up choking on his sandwich and you slap him hard on the back. When your XO’s life is no longer in danger, he asks for further explanation.\r\n\r\nYang shrugs, \"As I said, this isn’t just a helmet, when it works properly, it offers many interesting gizmos, improved reflexes and 'Mech controls. The point is... well, it must work properly. And it can cause serious harm, even to the point of almost incapacitating MechWarriors. It's very hard to adjust, and I couldn't fix it completely... I don't know if even the Star League engineers managed to fix it before [[DM.BaseDescriptionDefs[LoreStefanAmaris],Amaris]] made everything explode with the [[DM.BaseDescriptionDefs[LoreAmarisCivilWar],Civil War]]... and then the [[DM.BaseDescriptionDefs[LoreExodus],Exodus]] happened, and the [[DM.BaseDescriptionDefs[LoreSuccessionWars],Succession Wars]] too....\"\r\n\r\nYou raise your eyebrow thoughtfully, \"You're not telling me everything, right?\"\r\n\r\nYang nods, \"Yeah. The point is, it's usable, even if barely. And I'm almost sure it will make MechWarrior using it deal with the bad side effects sooner rather than later, but as long as it will work well, it will be amazing. Whether you want to use it is up to you, Boss. And we got the Archer in order and connected another helmet, it’s locked and loaded, ready for battle as never before. That's all I wanted to tell you. By the way, Darius, do you have a second sandwich?\"",
                        "Icon" : null
                    },
                    "Weight" : 100,
                    "Results" : [
                        {
                            "Scope" : "Company",
                            "Requirements" : null,
                            "AddedTags" : {
                                "tagSetSourceFile" : "",
                                "items" : [
                                    "event_co_lock_And_Load1_finished"
                                ]
                            },
                            "RemovedTags" : {
                                "tagSetSourceFile" : "",
                                "items" : []
                            },
                            "Stats" : [
                                {
                                    "typeString" : "System.Int32",
                                    "name" : "Item.UpgradeDef.Gear_Cockpit_Advanced_SLDF_Neurohelmet",
                                    "value" : "1",
                                    "set" : false,
                                    "valueConstant" : null
                                }
                            ],
                            "Actions" : [
								{
									"Type" : "System_SetDropship",
									"value" : "",
									"valueConstant" : "RemoveMech",
									"additionalValues" : [
									"chassisdef_archer_ARC-2Rb_CRS"
									]
								},
                                {
                                    "Type" : "System_ShowRewards",
                                    "value" : "itemCollection_loot_event_Lock_And_Load",
                                    "valueConstant" : null,
                                    "additionalValues" : null
                                }
							],
                            "ForceEvents" : null,
                            "TemporaryResult" : false,
                            "ResultDuration" : 0
                        }
                    ]
                }
            ],
            "Requirements" : {
                "Scope" : "Company",
                "RequirementTags" : {
                    "tagSetSourceFile" : "",
                    "items" : []
                },
                "ExclusionTags" : {
                    "tagSetSourceFile" : "",
                    "items" : []
                },
                "RequirementComparisons" : []
            }
        }
    ],
    "PublishState" : "PUBLISHED",
    "ValidationState" : "UNTESTED",
    "EventType" : "NORMAL",
    "OneTimeEvent" : false
}