{
    "Description" : {
        "Id" : "forcedevent_co_the_final_countdown1",
        "Name" : "The Final Countdown",
        "Details" : "You are talking to Yang in the Mech Bay about one of your 'Mechs when Darius calls you on the intercom.\r\n\r\n\"Commander, we just got a call from Trapper. I don’t know if you remember him, he works for Anders. He says that there is a package for us, and he can only deliver it by hand, so he’s asking for permission to dock. And there's something else, but ... you’d better see it yourself,\" XO stumbles slightly on the last phrase.\r\n\r\nYou and Yang look at each other, bewildered. \"Boss, this is probably about Anders' cunning plan. Let's go and see!\" Yang looks elated.",
        "Icon" : "uixTxrSpot_FP_TBD_TFC"
    },
    "Scope" : "Company",
    "Weight" : 1,
    "Requirements" : {
        "Scope" : "Company",
        "RequirementTags" : {
            "items" : [
                "flashpoint_rTTJ_complete"
            ],
            "tagSetSourceFile" : "Tags/CompanyTags"
        },
        "ExclusionTags" : {
            "items" : [
                "event_co_rTTJ1_finished"
            ],
            "tagSetSourceFile" : "Tags/CompanyTags"
        },
        "RequirementComparisons" : []
    },
    "AdditionalRequirements" : [],
    "AdditionalObjects" : [],
    "Options" : [
        {
            "Description" : {
                "Id" : "outcome_0",
                "Name" : "Tell Darius to allow the docking.",
                "Details" : "Morale option",
                "Icon" : ""
            },
            "RequirementList" : [],
            "ResultSets" : [
                {
                    "Description" : {
                        "Id" : "outcome_0_0",
                        "Name" : "Help the rock band repair their 'Mechs.",
                        "Details" : "You’re standing next to an astonished Sumire watching through the bridge’s porthole as an inconspicuous Leopard undocks from ... Another ship of the Argo class. However, looking closely at it, you realize that this is nothing more than a high-quality dummy built around some other large DropShip. Meanwhile, the Leopard docks with your ship, and soon enough you meet your old acquaintance, Keith \"Trapper\" Morrison, at the Command Center.\r\n\r\n\"I'm not going to beat around the bush, {COMMANDER.CallSign},\" Keith immediately reports. \"The chief ordered me to give you this memory chip if you agree to participate in his Big Deal. It should have the coordinates of the rendezvous point and the date, but don't ask me anything about it – the chip is encrypted and disposable, so I couldn't read it. You’re supposed to already have the key, something connected with some General.\"\r\n\r\n\"But why would he want a dummy Argo?\" you ask.\r\n\r\nTrapper quickly explains, \"This is a cover. While you do what the chief has planned, I’ll work with the guys on the Periphery under the guise of your team. I would like to tell you more, but I honestly don’t know more myself.\"\r\n\r\nAfter Keith leaves you with his Leopard and the ship disguised as the Argo leaves, you gather your senior officers and read what is on the chip, but there is less information than you would like: only the name of the system where the chartered JumpShip will be waiting for you at the appointed time, and the date of the meeting at the rendezvous point. This JumpShip should take you to the Bryant system.",
                        "Icon" : ""
                    },
                    "Weight" : 100,
                    "Results" : [
                        {
                            "Scope" : "Company",
                            "Requirements" : null,
                            "AddedTags" : {
                                "items" : [
                                    "event_co_rTTJ1_finished"
                                ],
                                "tagSetSourceFile" : "Tags/CompanyTags",
                            },
                            "RemovedTags" : {
                                "items" : null,
                                "tagSetSourceFile" : ""
                            },
                            "Stats" : null,
                            "Actions" : [
                                {
                                    "Type" : "System_AddFlashpoint",
                                    "value" : "fp_theBigDeal",
                                    "valueConstant" : null,
                                    "additionalValues" : [
                                        "Bryant"
                                    ]
                                }
                            ],
                            "ForceEvents" : null,
                            "TemporaryResult" : false,
                            "ResultDuration" : 0
                        }
					]
                }
            ],
            "Requirements" : {
                "Scope" : "Company",
                "RequirementTags" : {
                    "items" : null,
                    "tagSetSourceFile" : ""
                },
                "ExclusionTags" : {
                    "items" : null,
                    "tagSetSourceFile" : ""
                },
                "RequirementComparisons" : []
            }
        }
    ],
    "PublishState" : "PUBLISHED",
    "ValidationState" : "UNTESTED",
    "EventType" : "NORMAL"
}