{
    "Description" : {
        "Id" : "forcedevent_co_ratRaceAU1",
        "Name" : "Special Offer: Rat Race",
        "Details" : "A call from Darius catches you while looking at the invoice for spare parts: [[DM.BaseDescriptionDefs[LoreAngryUrbies],Angry Urbies]] have again planned some kind of raid and sent you a message.\r\n\r\nOn the screen in the Command Center, Billy \"Bop\" Pop is again, behind him Boris and GG Lilan are drinking, sitting at a table made from a piece of armor, and Iggy Idol is chasing balls on the pool table with a [[DM.BaseDescriptionDefs[LoreLaserRifle],laser rifle]].\r\n\r\n\"Heya, {COMPANY.CompanyName},\" Bop grins. \"You have no idea what we found this time. There’s a place in the [[DM.BaseDescriptionDefs[LoreBlueDiamond],Blue Diamond]] system, they are now taking antique junk there, we don’t know who, but probably the personal thugs of some rich [[DM.Factions[faction_Steiner],Lyran]] asshole. I can’t guarantee that we’ll find something there for you, but rich assholes, including Lyrans, really love [[DM.BaseDescriptionDefs[LoreLosTech],LosTech]], and there’s a lot of traffic here, trucks and larger vees scurrying back and forth. If you’re interested, then we’re waiting for you, just move faster, it seems that soon all this stuff will be taken out by some kinda ship.\"\r\n\r\nYou turn your gaze to XO, but he has nothing to add, \"That’s all, {COMMANDER.FirstName}. We can fly there and try our luck, but who knows if there really is LosTech there...\"\r\n\r\nSumire looks at him skeptically, \"Bop and his gang weren’t trying to trick us, but this so-called \"offer\" seems too vague, Commander. Although even if we don’t find anything, we can demand our share of the antique and sell it ourselves...\"\r\n\r\nFarah supports your navigator, \"If there really is anything old and valuable, then we can contact my friends at the University of Atreus from the history department. Not only will we make money, but we’ll also do a good deed by passing these things on to those who will take care of them rather than placing them in some bunker to gather dust.\"\r\n\r\n\"What do you think, Yang?\" you ask your Chief MechTech.\r\n\r\nVirtanen spreads his hands, \"You already know, Boss. If there is at least some LosTech toys there, then I’m for it.\"\r\n\r\nYour crew looks at you, waiting for a decision.",
        "Icon" : "uixTxrSpot_FP_S&V_RR_event_titlecard"
    },
    "Scope" : "Company",
    "Weight" : 1000,
    "Requirements" : {
        "Scope" : "Company",
        "RequirementTags" : {
            "tagSetSourceFile" : "Tags/CompanyTags",
            "items" : [
                "flashpoint_urbiesGotAGunAU_complete"
            ]
        },
        "ExclusionTags" : {
            "tagSetSourceFile" : "Tags/CompanyTags",
            "items" : [
                "forcedevent_co_ratRaceAU1_finished"
            ]
        },
        "RequirementComparisons" : []
    },
    "AdditionalRequirements" : [],
    "AdditionalObjects" : [],
    "Options" : [
        {
            "Description" : {
                "Id" : "outcome_0",
                "Name" : "Agree and go to the Blue Diamond system.",
                "Details" : "[\u00A250,000]",
                "Icon" : null
            },
            "RequirementList" : [],
            "ResultSets" : [
                {
                    "Description" : {
                        "Id" : "outcome_0_0",
                        "Name" : "(100)-Darius arranges the bribe.",
                        "Details" : "\"Well, let’s take a chance,\" you say. \"Maybe we'll get lucky. Sumire, set a course, we'll go there as soon as possible.\"\r\n\r\nSeeing the enthusiasm on the faces of the senior staff, you catch yourself thinking that piracy, although dangerous, is quite an interesting gambling business.",
                        "Icon" : null
                    },
                    "Weight" : 100,
                    "Results" : [
                        {
                            "Scope" : "Company",
                            "Requirements" : null,
                            "AddedTags" : {
                                "tagSetSourceFile" : "Tags/CompanyTags",
                                "items" : [
                                    "forcedevent_co_ratRaceAU1_finished"
                                ]
                            },
                            "RemovedTags" : {
                                "tagSetSourceFile" : "",
                                "items" : []
                            },
                            "Stats" : null,
                            "Actions" : [
                                {
                                    "Type" : "System_AddFlashpoint",
                                    "value" : "fp_ratRaceAU",
                                    "valueConstant" : null,
                                    "additionalValues" : [
                                        "BlueDiamond"
                                    ]
                                }
                            ],
                            "ForceEvents" : null,
                            "TemporaryResult" : false,
                            "ResultDuration" : 0
                        }
                    ]
                }
            ],
            "Requirements" : {
                "Scope" : "Company",
                "RequirementTags" : {
                    "tagSetSourceFile" : "",
                    "items" : []
                },
                "ExclusionTags" : {
                    "tagSetSourceFile" : "",
                    "items" : []
                },
                "RequirementComparisons" : []
            }
        },
        {
            "Description" : {
                "Id" : "outcome_1",
                "Name" : "Refuse to interfere in this matter.",
                "Details" : "Everything turned on.",
                "Icon" : null
            },
            "RequirementList" : [],
            "ResultSets" : [
                {
                    "Description" : {
                        "Id" : "outcome_1_0",
                        "Name" : "high spirits, defend your decision, one-on-one",
                        "Details" : "\"I guess Sumire is right – while this could be lucrative, it's too vague. I don't want to fight the Lyrans over some paintings as possible loot, even if they're crazy expensive,\" you decide, thinking, that even if some LosTech turns out to be on the spot, the chances of this are too small. \"Let's call it a day, crew, and wait for Billy's next offer.\"\r\n\r\nAs you leave the Command Center, you can't help but wonder who might be collecting antiques in Lyran space. You've definitely heard some rumors about this or seen something in the ComStar news, but you can't remember the details...",
                        "Icon" : null
                    },
                    "Weight" : 100,
                    "Results" : [
                        {
                            "Scope" : "Company",
                            "Requirements" : null,
                            "AddedTags" : {
                                "tagSetSourceFile" : "Tags/CompanyTags",
                                "items" : [
                                    "forcedevent_co_ratRaceAU1_finished",
                                    "flashpoint_ratRaceAU_complete"
                                ]
                            },
                            "RemovedTags" : {
                                "tagSetSourceFile" : "",
                                "items" : []
                            },
                            "Stats" : null,
                            "Actions" : [],
                            "ForceEvents" : [
								{
									"Scope" : "Company",
									"EventID" : "forcedevent_co_fistfulOfDiamondsAU",
									"MinDaysWait" : 45,
									"MaxDaysWait" : 45,
									"Probability" : 100,
									"RetainPilot" : false
								}
							],
                            "TemporaryResult" : false,
                            "ResultDuration" : 0
                        }
                    ]
                }
            ],
            "Requirements" : {
                "Scope" : "Company",
                "RequirementTags" : {
                    "tagSetSourceFile" : "",
                    "items" : []
                },
                "ExclusionTags" : {
                    "tagSetSourceFile" : "",
                    "items" : []
                },
                "RequirementComparisons" : []
            }
        }
    ],
    "PublishState" : "PUBLISHED",
    "ValidationState" : "UNTESTED",
    "EventType" : "UNSELECTABLE",
    "OneTimeEvent" : false,
    "Tags" : {
        "tagSetSourceFile" : "tags/EventTags",
        "items" : []
    }
}