{
    "Description" : {
        "Id" : "forcedevent_co_guessing_Game1",
        "Name" : "Guessing Game",
        "Details" : "Darius calls and asks you to come up to the command center. \"There's some news about that matter with [[DM.BaseDescriptionDefs[LoreCarnorSal],Carnor Sal]], {COMMANDER.FirstName},\" he says. You find him in the company of Farah when you arrive at the site, and your chief engineer looks thoughtful – it looks like she has something to tell you too.",
        "Icon" : "uixTxrSpot_FP_Guessing_Game"
    },
    "Scope" : "Company",
    "Weight" : 1000,
    "Requirements" : {
        "Scope" : "Company",
        "RequirementTags" : {
            "tagSetSourceFile" : "Tags/CompanyTags",
            "items" : [
                "flashpoint_underTheSun_complete"
            ]
        },
        "ExclusionTags" : {
            "tagSetSourceFile" : "Tags/CompanyTags",
            "items" : [
                "event_co_guessing_Game1_finished"
            ]
        },
        "RequirementComparisons" : []
    },
    "AdditionalRequirements" : [],
    "AdditionalObjects" : [],
    "Options" : [
        {
            "Description" : {
                "Id" : "outcome_0",
                "Name" : "Ask Farah what's wrong.",
                "Details" : "[\u00A250,000]",
                "Icon" : null
            },
            "RequirementList" : [],
            "ResultSets" : [
                {
                    "Description" : {
                        "Id" : "outcome_0_0",
                        "Name" : "(100)-Darius arranges the bribe.",
                        "Details" : "\"Farah, is something wrong?\" you ask, looking at her.\r\n\r\nDr. Murad smiles and shakes her head in response, \"No, no, it’s fine, Yang and I just double-checked all that data from the [[DM.BaseDescriptionDefs[LoreDabtonBrothers],Dabtons]], but it’s not very accurate, so let Darius start.\"\r\n\r\nOliveira places an empty coffee mug on the nearest free panel, \"Carnor sent us a message, he went through everything he had in the family archives. Not much, but he still managed to find something. Some letters and old documents mention the [[DM.Factions[faction_Steiner],Lyran]] systems, it looks like Sumire was right about the Steiner space. It must be somewhere near [[DM.BaseDescriptionDefs[LoreTharkad],Tharkad]]-\"\r\n\r\n\"Sorry to interrupt,\" Farah suddenly perks up. \"But then it looks like we have the coordinates! The Dabtons messages don’t directly indicate where to look, Commander, but of the relevant ones, [[DM.BaseDescriptionDefs[LoreGreenlaw],Greenlaw]] is mentioned quite often, and it’s very close to Tharkad. Nothing else fits by location, and... Well, that line, <i>\"a law of forest left is bare\"</i> should mean that everything is very bad with the vegetation and water in this place. I asked Sumire to help, and we looked at the [[DM.BaseDescriptionDefs[LoreComStar],ComStar]] planetary directory; there’s nothing else more or less similar in that area of space.\"\r\n\r\nXO and the chief engineer fall silent, looking at you. Apparently, they understand that the reliability of such guesses is questionable, but you have no other options.\r\n\r\n\"Well, for lack of anything better, let's check out Greenlaw then. I'll tell Sumire to set a course there,\" you say after thinking for a moment. \"After all, even if we don't find anything there, the Lyran Commonwealth always offers a lot of good contracts. For now, let's get down to business, we need to prepare properly.\"",
                        "Icon" : null
                    },
                    "Weight" : 100,
                    "Results" : [
                        {
                            "Scope" : "Company",
                            "Requirements" : null,
                            "AddedTags" : {
                                "tagSetSourceFile" : "Tags/CompanyTags",
                                "items" : [
                                    "event_co_guessing_Game1_finished"
                                ]
                            },
                            "RemovedTags" : {
                                "tagSetSourceFile" : "",
                                "items" : []
                            },
                            "Stats" : null,
                            "Actions" : [
                                {
                                    "Type" : "System_AddFlashpoint",
                                    "value" : "fp_oldWallsAndNewFriends",
                                    "valueConstant" : null,
                                    "additionalValues" : [
                                        "Greenlaw"
                                    ]
                                }
                            ],
                            "ForceEvents" : null,
                            "TemporaryResult" : false,
                            "ResultDuration" : 0
                        }
                    ]
                }
            ],
            "Requirements" : {
                "Scope" : "Company",
                "RequirementTags" : {
                    "tagSetSourceFile" : "",
                    "items" : []
                },
                "ExclusionTags" : {
                    "tagSetSourceFile" : "",
                    "items" : []
                },
                "RequirementComparisons" : []
            }
        },
        {
            "Description" : {
                "Id" : "outcome_1",
                "Name" : "Ask Darius for the news.",
                "Details" : "Everything turned on.",
                "Icon" : null
            },
            "RequirementList" : [],
            "ResultSets" : [
                {
                    "Description" : {
                        "Id" : "outcome_1_0",
                        "Name" : "high spirits, defend your decision, one-on-one",
                        "Details" : "Darius rubs his forehead gloomily, \"Less than I would like. Farah also found something, but we haven't had time to discuss it yet, so let me begin. Carnor sent us a message, he went through all the remains of his family archives. In some letters and old documents mention [[DM.Factions[faction_Steiner],Lyran]] systems, it looks like Sumire was right about the Steiner space, and the place we're looking for must be somewhere near [[DM.BaseDescriptionDefs[LoreTharkad],Tharkad]], but that's about it. He said that he would try to look through some acquaintances in [[DM.BaseDescriptionDefs[LoreComStar],ComStar]]...\"\r\n\r\nDr. Murad smiles and looks at XO, \"Then I think we have good news for sure now, Darius. If this is near Tharkad, then the Dabtons messages often mention several systems in the Lyran Commonwealth, and one of them is [[DM.BaseDescriptionDefs[LoreGreenlaw],Greenlaw]]. This is the only place that is nearby and falls under that line from the poem that <i>\"a law of forest left is bare\"</i>, Sumire and I checked all of them in the ComStar planetary directory. This, of course, is still guesswork, but the other options don’t fit at all.\"\r\n\r\nXO and the chief engineer fall silent, looking at you. Apparently, they understand that the reliability of such guesses is questionable, but you have no other options.\r\n\r\n\"Well, for lack of anything better, let's check out Greenlaw then. I'll tell Sumire to set a course there,\" you say after thinking for a moment. \"After all, even if we don't find anything there, the Lyran Commonwealth always offers a lot of good contracts. For now, let's get down to business, we need to prepare properly.\"",
                        "Icon" : null
                    },
                    "Weight" : 100,
                    "Results" : [
                        {
                            "Scope" : "Company",
                            "Requirements" : null,
                            "AddedTags" : {
                                "tagSetSourceFile" : "Tags/CompanyTags",
                                "items" : [
                                    "event_co_guessing_Game1_finished"
                                ]
                            },
                            "RemovedTags" : {
                                "tagSetSourceFile" : "",
                                "items" : []
                            },
                            "Stats" : null,
                            "Actions" : [
                                {
                                    "Type" : "System_AddFlashpoint",
                                    "value" : "fp_oldWallsAndNewFriends",
                                    "valueConstant" : null,
                                    "additionalValues" : [
                                        "Greenlaw"
                                    ]
                                }
                            ],
                            "ForceEvents" : null,
                            "TemporaryResult" : false,
                            "ResultDuration" : 0
                        }
                    ]
                }
            ],
            "Requirements" : {
                "Scope" : "Company",
                "RequirementTags" : {
                    "tagSetSourceFile" : "",
                    "items" : []
                },
                "ExclusionTags" : {
                    "tagSetSourceFile" : "",
                    "items" : []
                },
                "RequirementComparisons" : []
            }
        }
    ],
    "PublishState" : "PUBLISHED",
    "ValidationState" : "UNTESTED",
    "EventType" : "NORMAL",
    "OneTimeEvent" : false
}