{
    "Description" : {
        "Id" : "forcedevent_co_footsteps_Of_The_Dead1",
        "Name" : "Footsteps Of The Dead",
        "Details" : "Darius calls all senior staff to the command center: it looks like your crew has gathered everything they could from that tip in the Carnor Sal's ancestor poem. Entering the room, you see that Sumire, Yang, and Farah are already here too.\r\n\r\n\"Commander, we don’t have exact information again, so... Ugh, we’ll have to rely on guesswork again,\" says XO.\r\n\r\nYang snorts, \"This guy couldn't have written it simpler, huh?\"\r\n\r\n\"Yeah, would make our life a lot easier,\" Darius nods. \"Well, let's get started?\"",
        "Icon" : "uixTxrSpot_DailyBriefing"
    },
    "Scope" : "Company",
    "Weight" : 1000,
    "Requirements" : {
        "Scope" : "Company",
        "RequirementTags" : {
            "tagSetSourceFile" : "Tags/CompanyTags",
            "items" : [
                "flashpoint_oWANF_complete"
            ]
        },
        "ExclusionTags" : {
            "tagSetSourceFile" : "Tags/CompanyTags",
            "items" : [
                "event_co_footsteps_Of_The_Dead1_finished"
            ]
        },
        "RequirementComparisons" : []
    },
    "AdditionalRequirements" : [],
    "AdditionalObjects" : [],
    "Options" : [
        {
            "Description" : {
                "Id" : "outcome_0",
                "Name" : "Listen to your crew’s suggestions.",
                "Details" : "honest option, One-on-One fight",
                "Icon" : null
            },
            "RequirementList" : [],
            "ResultSets" : [
                {
                    "Description" : {
                        "Id" : "outcome_0_0",
                        "Name" : "high spirits, the fans approve",
                        "Details" : "\"Go ahead,\" you agree.\r\n\r\nDr. Murad takes the floor, \"We think the next system is Nightwish, {COMMANDER.FirstName}. It best fits the description we have.\"\r\n\r\n\"Interesting. Why exactly did you decide this?\" such a direct answer makes you slightly bewildered.\r\n\r\n\"I’ll tell you, but sorry, it will take a long time,\" Farah smiles slightly.\r\n\r\nYou are silent for a while, but eventually nod, \"OK, let's listen. Sumire, put a mark on the map for now, we have nothing else anyway. And also... Darius, tell me you have another thermos of coffee hidden somewhere.\"\r\n\r\nXO laughs, but actually takes out a pot-bellied thermos and several plastic glasses from under some console. It's time for long conversations.",
                        "Icon" : null
                    },
                    "Weight" : 100,
                    "Results" : [
                        {
                            "Scope" : "Company",
                            "Requirements" : null,
                            "AddedTags" : {
                                "tagSetSourceFile" : "",
                                "items" : [
                                    "event_co_footsteps_Of_The_Dead1_finished"
                                ]
                            },
                            "RemovedTags" : {
                                "tagSetSourceFile" : "",
                                "items" : []
                            },
                            "Stats" : null,
                            "Actions" : [
                                {
                                    "Type" : "System_StartConversation",
                                    "value" : "9c05c91104626e1aedb7aa71",
                                    "valueConstant" : null,
                                    "additionalValues" : [
                                        "Footsteps Of The Dead",
                                        "",
                                        "",
                                        null
                                    ]
                                },
                                {
                                    "Type" : "System_AddFlashpoint",
                                    "value" : "fp_betterLeftBuried",
                                    "valueConstant" : null,
                                    "additionalValues" : [
                                        "Nightwish"
                                    ]
                                }
                            ],
                            "ForceEvents" : null,
                            "TemporaryResult" : false,
                            "ResultDuration" : 0
                        }
                    ]
                }
            ],
            "Requirements" : {
                "Scope" : "Company",
                "RequirementTags" : {
                    "tagSetSourceFile" : "",
                    "items" : []
                },
                "ExclusionTags" : {
                    "tagSetSourceFile" : "",
                    "items" : []
                },
                "RequirementComparisons" : []
            }
        }
    ],
    "PublishState" : "PUBLISHED",
    "ValidationState" : "UNTESTED",
    "EventType" : "NORMAL",
    "OneTimeEvent" : false
}