{
    "Description" : {
        "Id" : "forcedevent_co_road_to_nowhere1",
        "Name" : "Road To Nowhere",
        "Details" : "\"Commander, Anders has sent us another letter. Take a look,\" says Darius in the morning briefing.\r\n\r\n\"What's in there? Did he find that pirate base?\" Farah asks.\r\n\r\nYou read the text carefully several times looking for anything written between the lines, but there seems to be nothing more in the letter:\r\n\r\n\"Greetings, {COMMANDER.CallSign}. I checked Ayasha's information: sent someone to comb the area, picked up various rumors and rummaged through the old FedSuns archives, which I could get access to. I didn’t manage to find out much: my people found traces of pirates in the [[DM.BaseDescriptionDefs[LoreHelland],Helland]] system, but there are a couple of clues in the archives – a certain military facility was clearly built there during the Star League era, but almost all references to it have been erased, there are only a couple of indirect links and one from the supply lists, which includes electronics. It is suitable for assembling [[DM.BaseDescriptionDefs[LoreEMPMines],EMP mines]], so let’s meet there, I expect to know more by then.\"\r\n\r\n\"Anders found some clues on Helland and invites us there,\" you answer.\r\n\r\nSumire raises her eyebrows in surprise. \"I told you, this is right next to the [[DM.BaseDescriptionDefs[LoreOutworldsAlliance],Outworlds Alliance]]. I thought that everything that was in that area had long been plundered by [[DM.BaseDescriptionDefs[LoreLosTech],LosTech]] hunters or fell into the hands of [[DM.BaseDescriptionDefs[LoreComStar],ComStar]], their [[DM.BaseDescriptionDefs[LoreComStarExplorerCorps],Explorer Corps]] just has a base in systems nearby.\"\r\n\r\n\"Not sure. This is the Periphery, there could be something left if it was hidden well enough,\" says Darius, drumming his fingers thoughtfully on the console. \"Moreover, Hadley mentioned the missing ships, the pirates could get rid of the witnesses. What are we going to do, {COMMANDER.FirstName}?\"",
        "Icon" : "uixTxrSpot_ArgoDrive2"
    },
    "Scope" : "Company",
    "Weight" : 1000,
    "Requirements" : {
        "Scope" : "Company",
        "RequirementTags" : {
            "items" : [
                "flashpoint_wildWedding_a"
            ],
            "tagSetSourceFile" : "Tags/CompanyTags"
        },
        "ExclusionTags" : {
            "items" : [
                "forcedevent_co_road_to_nowhere1_finished"
            ],
            "tagSetSourceFile" : "Tags/CompanyTags"
        },
        "RequirementComparisons" : []
    },
    "AdditionalRequirements" : [],
    "AdditionalObjects" : [],
    "Options" : [
        {
            "Description" : {
                "Id" : "outcome_0",
                "Name" : "Go to the abandoned system.",
                "Details" : "Option 1",
                "Icon" : ""
            },
            "RequirementList" : [],
            "ResultSets" : [
                {
                    "Description" : {
                        "Id" : "outcome_0_0",
                        "Name" : "Fly now.",
                        "Details" : "After weighing all the pros and cons, you turn to your team members, \"Chart the course, Sumire. And Darius, make sure we have everything ready – who knows what's going on in that system?...\"",
                        "Icon" : ""
                    },
                    "Weight" : 100,
                    "Results" : [
                        {
                            "Scope" : "Company",
                            "Requirements" : null,
                            "AddedTags" : {
                                "items" : [
                                    "forcedevent_co_road_to_nowhere1_finished"
                                ],
                                "tagSetSourceFile" : "Tags/CompanyTags",
                            },
                            "RemovedTags" : {
                                "items" : null,
                                "tagSetSourceFile" : ""
                            },
                            "Stats" : null,
                            "Actions" : [
                                {
                                    "Type" : "System_AddFlashpoint",
                                    "value" : "fp_blackSabbath",
                                    "valueConstant" : null,
                                    "additionalValues" : [
                                        "Helland"
                                    ]
                                }
                            ],
                            "ForceEvents" : null,
                            "TemporaryResult" : false,
                            "ResultDuration" : 0
                        }
					]
                }
            ],
            "Requirements" : {
                "Scope" : "Company",
                "RequirementTags" : {
                    "items" : null,
                    "tagSetSourceFile" : ""
                },
                "ExclusionTags" : {
                    "items" : null,
                    "tagSetSourceFile" : ""
                },
                "RequirementComparisons" : []
            }
        },
        {
            "Description" : {
                "Id" : "outcome_1",
                "Name" : "Postpone the flight.",
                "Details" : "Everything turned on.",
                "Icon" : ""
            },
            "RequirementList" : [],
            "ResultSets" : [
                {
                    "Description" : {
                        "Id" : "outcome_1_0",
                        "Name" : "Fly later.",
                        "Details" : "Thinking, you shake your head negatively, \"We can’t pull the raid into nowhere for now. I'll send Anders the answer, but we need time to get ready. Sumire, leave a mark on the map, we’ll check this place later.\"",
                        "Icon" : ""
                    },
                    "Weight" : 100,
                    "Results" : [
                        {
                            "Scope" : "Company",
                            "Requirements" : null,
                            "AddedTags" : {
                                "items" : [
                                    "forcedevent_co_road_to_nowhere1_finished"
                                ],
                                "tagSetSourceFile" : "Tags/CompanyTags",
                            },
                            "RemovedTags" : {
                                "items" : null,
                                "tagSetSourceFile" : ""
                            },
                            "Stats" : null,
                            "Actions" : [
                                {
                                    "Type" : "System_AddFlashpoint",
                                    "value" : "fp_blackSabbath",
                                    "valueConstant" : null,
                                    "additionalValues" : [
                                        "Helland"
                                    ]
                                }
                            ],
                            "ForceEvents" : null,
                            "TemporaryResult" : false,
                            "ResultDuration" : 0
                        }
					]
                }
            ],
            "Requirements" : {
                "Scope" : "Company",
                "RequirementTags" : {
                    "items" : null,
                    "tagSetSourceFile" : ""
                },
                "ExclusionTags" : {
                    "items" : null,
                    "tagSetSourceFile" : ""
                },
                "RequirementComparisons" : []
            }
        }
    ],
    "PublishState" : "PUBLISHED",
    "ValidationState" : "UNTESTED",
    "EventType" : "NORMAL"
}