{
    "Description" : {
        "Id" : "forcedevent_co_fistfulOfDiamondsAU1",
        "Name" : "Special Offer: Fistful Of Diamonds",
        "Details" : "Darius tells you the news: your old friends, the [[DM.BaseDescriptionDefs[LoreAngryUrbies],Angry Urbies]] gang, are contacting you again and offering to pull off another robbery. They warn that the business will be profitable, and XO has already called all the senior staff.\r\n\r\n\"Heya, {COMPANY.CompanyName}!\" Billy welcomes you when the message is triggered. \"Listen, this will be a mega-cool thing. There are rumors that a local facility on [[DM.BaseDescriptionDefs[LorePorrima],Porrima]] is storing a large shipment of all sorts of gems – you know, diamonds and all that fancy shit. It’s being transported to another system quietly, so the base where the goods are now is poorly guarded. Maybe even too poor, we suspect that we haven’t seen all the guards, so we’re calling you – we can handle it together for sure.\"\r\n\r\n\"Yeah, a whole damn lot of money if everythin’ works out as it should!\" Iggy Idol shakes his head furiously, agreeing with him. The camera catches GG Lilan yelling \"NO LIMITS, NO LAWS!\" in the background, and snatches the bottle from Boris’ hands, starting to drink greedily.\r\n\r\nMeanwhile, Bop regains the initiative and continues, \"Ig is right. Anyway, we're unlikely to find any worthwhile ‘Mech scrap there, but I thought a good amount of C-Bills wouldn't hurt you, yep? We could do it together and split these wonderful cobbles in half. If you have no idea who to sell them to, then we have a couple of suitable contacts, so just waiting for you. Bop out.\"\r\n\r\n\"This looks too simple, Commander,\" Sumire looks skeptically at the frozen hologram of the pirate. \"But I should say I like the idea, gems cost crazy on the local black markets.\"\r\n\r\nYang is thoughtful: \"You know, Boss, I don’t mind robbing some rich assholes sometimes, but yes, it could be a trap or some other crap. Sure, it’s worth a try, but we need to prepare.\"\r\n\r\nFarah sighs and shakes her head but agrees: \"Argo's maintenance isn't getting any cheaper, {COMMANDER.FirstName}. It’s risky, but we can use the money.\"\r\n\r\n\"What about you, Darius?\" you ask XO.\r\n\r\nOliveira grins, \"Looks like we've already decided everything, Commander. What do you say?\"",
        "Icon" : "uixTxrSpot_FP_S&V_FoD_event_titlecard"
    },
    "Scope" : "Company",
    "Weight" : 1000,
    "Requirements" : {
        "Scope" : "Company",
        "RequirementTags" : {
            "tagSetSourceFile" : "Tags/CompanyTags",
            "items" : [
                "flashpoint_spiteAndViolence_a",
                "flashpoint_armedRobberyAU_complete",
                "flashpoint_urbiesGotAGunAU_complete",
                "flashpoint_ratRaceAU_complete"
            ]
        },
        "ExclusionTags" : {
            "tagSetSourceFile" : "Tags/CompanyTags",
            "items" : [
                "forcedevent_co_fistfulOfDiamondsAU1_finished"
            ]
        },
        "RequirementComparisons" : []
    },
    "AdditionalRequirements" : [],
    "AdditionalObjects" : [],
    "Options" : [
        {
            "Description" : {
                "Id" : "outcome_0",
                "Name" : "Agree to participate in this matter.",
                "Details" : "no bonus option",
                "Icon" : ""
            },
            "RequirementList" : [],
            "ResultSets" : [
                {
                    "Description" : {
                        "Id" : "outcome_0_0",
                        "Name" : "no results",
                        "Details" : "\"Well... We're in,\" the potential revenue from gems still makes you agree. \"I don’t think it’s some kind of trap, as Yang said, rather, there really is more protection than it seems at first glance, but Bop is right, together we should be able to cope: the Angry Urbies may drive funny ‘Mechs, but they shoot well. Set a course for Porrima, Sumire.\"\r\n\r\nYour navigator gets to work and soon tells you that everything is ready. All that remains is to get to the place...",
                        "Icon" : ""
                    },
                    "Weight" : 100,
                    "Results" : [
                        {
                            "Scope" : "Company",
                            "Requirements" : null,
                            "AddedTags" : {
                                "tagSetSourceFile" : "Tags/CompanyTags",
                                "items" : [
                                    "forcedevent_co_fistfulOfDiamondsAU1_finished"
                                ]
                            },
                            "RemovedTags" : {
                                "tagSetSourceFile" : "",
                                "items" : []
                            },
                            "Stats" : null,
                            "Actions" : [
                                {
                                    "Type" : "System_AddFlashpoint",
                                    "value" : "fp_fistfulOfDiamondsAU",
                                    "valueConstant" : null,
                                    "additionalValues" : [
                                        "Porrima"
                                    ]
                                }
                            ],
                            "ForceEvents" : null,
                            "TemporaryResult" : false,
                            "ResultDuration" : 0
                        }
                    ]
                }
            ],
            "Requirements" : {
                "Scope" : "Company",
                "RequirementTags" : {
                    "items" : null,
                    "tagSetSourceFile" : ""
                },
                "ExclusionTags" : {
                    "items" : null,
                    "tagSetSourceFile" : ""
                },
                "RequirementComparisons" : []
            }
        }
    ],
    "PublishState" : "PUBLISHED",
    "ValidationState" : "UNTESTED",
    "EventType" : "UNSELECTABLE"
}