{
    "Description" : {
        "Id" : "forcedevent_co_nightcall1",
        "Name" : "Nightcall",
        "Details" : "Today turned out to be difficult: a skirmish between the technicians, several breakdowns in the ship's power supply system, a pile of documents for new supplies, and many other things that required your attention as Commander. When it finally ended, you went to bed with great pleasure. Alas, in the middle of the ship’s night, you are suddenly awakened by a call from Darius.\r\n\r\n\"Commander, I know how tired you are, but the Command Center needs you. It's not a matter of life or death, but you'd better see it yourself,\" he says.",
        "Icon" : "uixTxrSpot_FP_RTTJ_Nightcall"
    },
    "Scope" : "Company",
    "Weight" : 1000,
    "Requirements" : {
        "Scope" : "Company",
        "RequirementTags" : {
            "items" : [
                "flashpoint_blackSabbath_complete"
            ],
            "tagSetSourceFile" : "Tags/CompanyTags"
        },
        "ExclusionTags" : {
            "items" : [
                "event_co_nightcall1_finished"
            ],
            "tagSetSourceFile" : "Tags/CompanyTags"
        },
        "RequirementComparisons" : []
    },
    "AdditionalRequirements" : [],
    "AdditionalObjects" : [],
    "Options" : [
        {
            "Description" : {
                "Id" : "outcome_0",
                "Name" : "Go and find out what the matter is.",
                "Details" : "Morale option",
                "Icon" : ""
            },
            "RequirementList" : [],
            "ResultSets" : [
                {
                    "Description" : {
                        "Id" : "outcome_0_0",
                        "Name" : "Help the rock band repair their 'Mechs.",
                        "Details" : "Having dressed hastily, you go up to the Command Center. On the spot, you find your XO, who has taken over the night watch. He immediately hands you a mug of coffee and explains that a message has come from Anders. There are only two lines in it: the first of them contains some coordinates in the [[DM.BaseDescriptionDefs[LoreChoudrant],Choudrant]] system marked \"URGENT\", and the second has only one phrase that says that the tycoon will contact the outfit in just a few minutes.\r\n\r\n\"I've already called all the senior staff,\" Darius explains. \"Whatever it is, it looks like everyone should see it.\"\r\n\r\nHowever, instead of the expected second message, the Argo Command Center receives a call.",
                        "Icon" : ""
                    },
                    "Weight" : 100,
                    "Results" : [
                        {
                            "Scope" : "Company",
                            "Requirements" : null,
                            "AddedTags" : {
                                "items" : [
                                    "event_co_nightcall1_finished"
                                ],
                                "tagSetSourceFile" : "Tags/CompanyTags",
                            },
                            "RemovedTags" : {
                                "items" : null,
                                "tagSetSourceFile" : ""
                            },
                            "Stats" : null,
                            "Actions" : [
                                {
                                    "Type" : "System_StartConversation",
                                    "value" : "9c48266a25f910b91c5f47de",
                                    "valueConstant" : null,
                                    "additionalValues" : [
                                        "Nightcall",
                                        "",
                                        "",
                                        null
                                    ]
                                },
                                {
                                    "Type" : "System_AddFlashpoint",
                                    "value" : "fp_runThroughTheJungle",
                                    "valueConstant" : null,
                                    "additionalValues" : [
                                        "Choudrant"
                                    ]
                                }
                            ],
                            "ForceEvents" : null,
                            "TemporaryResult" : false,
                            "ResultDuration" : 0
                        }
					]
                }
            ],
            "Requirements" : {
                "Scope" : "Company",
                "RequirementTags" : {
                    "items" : null,
                    "tagSetSourceFile" : ""
                },
                "ExclusionTags" : {
                    "items" : null,
                    "tagSetSourceFile" : ""
                },
                "RequirementComparisons" : []
            }
        },
        {
            "Description" : {
                "Id" : "outcome_1",
                "Name" : "Order Darius to figure it out for himself.",
                "Details" : "Non-participation",
                "Icon" : ""
            },
            "RequirementList" : [],
            "ResultSets" : [
                {
                    "Description" : {
                        "Id" : "outcome_1_0",
                        "Name" : "Refuse",
                        "Details" : "\"Darius, I'm tired as hell. If nobody's life depends on this, then it is better to take care of my own and postpone the matter until the morning. Do we understand each other?\" you grumble. XO hums vaguely, but cuts off the link.\r\n\r\nIn the morning he tells you the news: Dieter Anders has sent coordinates in the [[DM.BaseDescriptionDefs[LoreChoudrant],Choudrant]] system, where his cousin, head of the [[DM.BaseDescriptionDefs[LoreNAIS],NAIS]] archaeological expedition Thomas Bohlen, is. However, this is far from the most surprising part.\r\n\r\n\"Anders relayed a message from Bohlen. Some hell is going on at the planet, so the archaeologists have asked for help. I don’t know why they didn’t contact NAIS, but I suspect they couldn’t: Thomas mentioned that the message might not get through. Dieter’s demanding that we immediately go to the place and find his cousin. And then, boss ... He’s paying seven and a half million for this case.\"\r\n\r\n\"HOW MUCH?!\" you don’t believe what you’re hearing.\r\n\r\n\"You heard me right. And he will pay in cash. This isn’t even the main point: Anders says that without Bohlen we won’t be able to pull off that Big Deal: the archaeologists are excavating some kind of Star League logistics complex. Dieter needs something from there to prepare for the operation, and it wasn’t on Helland. So really, it looks like we have to do this anyway.\"\r\n\r\nAfter thinking it over quickly, you nod in agreement, \"Well, in that case ... I'll tell Sumire to plot a course.\"",
                        "Icon" : ""
                    },
                    "Weight" : 100,
                    "Results" : [
                        {
                            "Scope" : "Company",
                            "Requirements" : null,
                            "AddedTags" : {
                                "items" : [
                                    "event_co_nightcall1_finished"
                                ],
                                "tagSetSourceFile" : "Tags/CompanyTags",
                            },
                            "RemovedTags" : {
                                "items" : null,
                                "tagSetSourceFile" : ""
                            },
                            "Stats" : null,
                            "Actions" : [
                                {
                                    "Type" : "System_AddFlashpoint",
                                    "value" : "fp_runThroughTheJungle",
                                    "valueConstant" : null,
                                    "additionalValues" : [
                                        "Choudrant"
                                    ]
                                }
                            ],
                            "ForceEvents" : null,
                            "TemporaryResult" : false,
                            "ResultDuration" : 0
                        }
					]
                }
            ],
            "Requirements" : {
                "Scope" : "Company",
                "RequirementTags" : {
                    "items" : null,
                    "tagSetSourceFile" : ""
                },
                "ExclusionTags" : {
                    "items" : null,
                    "tagSetSourceFile" : ""
                },
                "RequirementComparisons" : []
            }
        }
    ],
    "PublishState" : "PUBLISHED",
    "ValidationState" : "UNTESTED",
    "EventType" : "NORMAL"
}