{
    "Description" : {
        "Id" : "forcedevent_co_armedRobberyAU1",
        "Name" : "Special Offer: Armed Robbery",
        "Details" : "Darius closes the morning briefing at the command center with news from your friends, the [[DM.BaseDescriptionDefs[LoreAngryUrbies],Angry Urbies]] gang.\r\n\r\n\"Looks like they really kept their word, Commander. Billy Pop sent us a message, take a look,\" XO says, bringing up the video on the screen.\r\n\r\n\"Hey, {COMPANY.CompanyName}! Wanna some shooting? We found something interesting,\" Billy grins, behind him, Iggy, quietly singing \"I'm a janitor, and I clean, and I clean...\", scrubs the ceiling with a mop and accidentally drops it on Boris, who is snoring on the obviously stolen chic black leather sofa with a bottle of vodka in his arms. Boris, however, sleepily grumbles <i>\"Mlya...\"</i> and rolls over to the other side. \"There is a small logistics depot on [[DM.BaseDescriptionDefs[LoreKitalpha],Kitalpha]] where we can get hold of valuable cargo, I'll give you more details on site. It’s now occupied by some mercs, so the [[DM.BaseDescriptionDefs[LoreKuritaDCMS],DCMS]] is unlikely to cover them. If you’re in, we’re waiting.\"\r\n\r\n\"The other mercs shouldn't be much of a problem. Well, unless these are some too tough guys, of course, but they’re unlikely to take on such nonsense work,\" Yang comments.\r\n\r\nDarius shakes his head, \"I don't like fighting them, but this could actually be a good way to get some weapons or parts. What do you think, Commander, should we get involved in this?\"\r\n\r\nFarah and Sumire don’t say anything but turn their gazes to you.",
        "Icon" : "uixTxrSpot_FP_S&V_AR_event_titlecard"
    },
    "Scope" : "Company",
    "Weight" : 1000,
    "Requirements" : {
        "Scope" : "Company",
        "RequirementTags" : {
            "tagSetSourceFile" : "Tags/CompanyTags",
            "items" : [
                "flashpoint_spiteAndViolence_a"
            ]
        },
        "ExclusionTags" : {
            "tagSetSourceFile" : "Tags/CompanyTags",
            "items" : [
                "forcedevent_co_armedRobberyAU1_finished"
            ]
        },
        "RequirementComparisons" : []
    },
    "AdditionalRequirements" : [],
    "AdditionalObjects" : [],
    "Options" : [
        {
            "Description" : {
                "Id" : "outcome_0",
                "Name" : "Accept the pirates' offer.",
                "Details" : "honest option, One-on-One fight",
                "Icon" : null
            },
            "RequirementList" : [],
            "ResultSets" : [
                {
                    "Description" : {
                        "Id" : "outcome_0_0",
                        "Name" : "high spirits, the fans approve",
                        "Details" : "\"Sounds good, I think we'll do it. Sumire, set a course for Kitalpha,\" you say.\r\n\r\nYour navigator sighs but nods and gets to work: the pirates can't wait too long.",
                        "Icon" : null
                    },
                    "Weight" : 100,
                    "Results" : [
                        {
                            "Scope" : "Company",
                            "Requirements" : null,
                            "AddedTags" : {
                                "tagSetSourceFile" : "",
                                "items" : [
                                    "forcedevent_co_armedRobberyAU1_finished"
                                ]
                            },
                            "RemovedTags" : {
                                "tagSetSourceFile" : "",
                                "items" : []
                            },
                            "Stats" : null,
                            "Actions" : [
                                {
                                    "Type" : "System_AddFlashpoint",
                                    "value" : "fp_armedRobberyAU",
                                    "valueConstant" : null,
                                    "additionalValues" : [
                                        "Kitalpha"
                                    ]
                                }
                            ],
                            "ForceEvents" : null,
                            "TemporaryResult" : false,
                            "ResultDuration" : 0
                        }
                    ]
                }
            ],
            "Requirements" : {
                "Scope" : "Company",
                "RequirementTags" : {
                    "tagSetSourceFile" : "",
                    "items" : []
                },
                "ExclusionTags" : {
                    "tagSetSourceFile" : "",
                    "items" : []
                },
                "RequirementComparisons" : []
            }
        },
        {
            "Description" : {
                "Id" : "outcome_1",
                "Name" : "Skip this opportunity.",
                "Details" : "dishonest option, One-on-One fight",
                "Icon" : null
            },
            "RequirementList" : [],
            "ResultSets" : [
                {
                    "Description" : {
                        "Id" : "outcome_1_0",
                        "Name" : "high spirits, fans approve",
                        "Details" : "\"I guess not, I'm not interested. Darius, let Bop know they can get by without us, let them throw us something more worthwhile,\" you disagree.\r\n\r\nXO shrugs, \"No problem, {COMMANDER.FirstName}, I'll send them a message. Maybe they have better options…\"",
                        "Icon" : null
                    },
                    "Weight" : 100,
                    "Results" : [
                        {
                            "Scope" : "Company",
                            "Requirements" : null,
                            "AddedTags" : {
                                "tagSetSourceFile" : "",
                                "items" : [
                                    "forcedevent_co_armedRobberyAU1_finished",
                                    "flashpoint_armedRobberyAU_complete"
                                ]
                            },
                            "RemovedTags" : {
                                "tagSetSourceFile" : "",
                                "items" : []
                            },
                            "Stats" : null,
                            "Actions" : [],
                            "ForceEvents" : [
								{
									"Scope" : "Company",
									"EventID" : "forcedevent_co_urbiesGotAGunAU",
									"MinDaysWait" : 50,
									"MaxDaysWait" : 50,
									"Probability" : 100,
									"RetainPilot" : false
								}
							],
                            "TemporaryResult" : false,
                            "ResultDuration" : 0
                        }
                    ]
                }
            ],
            "Requirements" : {
                "Scope" : "Company",
                "RequirementTags" : {
                    "tagSetSourceFile" : "",
                    "items" : []
                },
                "ExclusionTags" : {
                    "tagSetSourceFile" : "",
                    "items" : []
                },
                "RequirementComparisons" : []
            }
        }
    ],
    "PublishState" : "PUBLISHED",
    "ValidationState" : "UNTESTED",
    "EventType" : "UNSELECTABLE",
    "OneTimeEvent" : false,
    "Tags" : {
        "tagSetSourceFile" : "tags/EventTags",
        "items" : []
    }
}