{
    "Description" : {
        "Id" : "forcedevent_co_prodigal_Archer1",
        "Name" : "Prodigal Archer",
        "Details" : "You are lying down and reading a book in your cabin when you get a call from Darius asking you to go up to the command center. He claims that this is something urgent and related to your search at the request of your school friend [[DM.BaseDescriptionDefs[LoreCarnorSal],Carnor Sal]].\r\n\r\nIn the command center, in addition to Darius, you find Yang: they are both animatedly talking about something at one of the consoles. Carnor's image froze on the holoscreen: it looked like some kind of message had just been played here.\r\n\r\n\"Oh, Boss, you're just in time!\" Chief MechTech notices you. \"We have amazing news! Well, a little weird, though, but you’ll like it, I’m sure.\"",
        "Icon" : "uixTxrSpot_FP_Prodigal_Archer"
    },
    "Scope" : "Company",
    "Weight" : 1000,
    "Requirements" : {
        "Scope" : "Company",
        "RequirementTags" : {
            "tagSetSourceFile" : "Tags/CompanyTags",
            "items" : [
                "flashpoint_betterLeftBuried_complete"
            ]
        },
        "ExclusionTags" : {
            "tagSetSourceFile" : "Tags/CompanyTags",
            "items" : [
                "event_co_prodigal_Archer1_finished"
            ]
        },
        "RequirementComparisons" : []
    },
    "AdditionalRequirements" : [],
    "AdditionalObjects" : [],
    "Options" : [
        {
            "Description" : {
                "Id" : "outcome_0",
                "Name" : "Ask Darius what's going on.",
                "Details" : "[\u00A250,000]",
                "Icon" : null
            },
            "RequirementList" : [],
            "ResultSets" : [
                {
                    "Description" : {
                        "Id" : "outcome_0_0",
                        "Name" : "(100)-Darius arranges the bribe.",
                        "Details" : "\"Darius, I wanted to get some rest. Why did you call me? What happened?\" you ask XO.\r\n\r\nOliveira sighs, knowing this is going to sound strange, but replies, \"Well, apparently Carnor and his MechTechs believe the ‘Mech we found is cursed.\"\r\n\r\n\"Yeah, Boss, it sounds like complete nonsense, but you better see it for yourself,\" Yang says.\r\n\r\nDarius opens the email, clicks the keys, and rewinds the video on the viewscreen. The image of your old friend is a little blurry, but the sound is clear.\r\n\r\n\"Hello friend... This will be difficult to explain, but I'll try. Let's start with the good news. Your work helped us secure a good deal with the Davion duke, it's a great contract. We are paid so much that after the end of the contract I am thinking about handing over command, resigning and doing something for myself. And by the way, we got access to quite good gear,\" Carnor tells you enthusiastically.\r\n\r\n\"Yeah, \"look at me, what a successful guy I am!\" grumbles Yang, who saw that message before. Darius silently shakes his fist at him, hinting not to interrupt, and the Chief, putting on an innocent face, falls silent.\r\n\r\nCarnor, meanwhile, goes on, \"Now what I wanted to tell you. This ‘Mech you found... It's strange, and I can't explain it. I tried to drive it after our MechTechs tinkered with it, but the pain... I couldn’t go long within, it was almost torture. It is almost impossible to get it to move, so after two tries I gave up. I prefer my [[DM.BaseDescriptionDefs[LoreRifleman],Rifleman]], which don’t make my head explode every time I hop into. My techs can’t find any problems with the machine, they say it operates properly, but any time someone tries to use it ends up with headache at best... and often worse. I don't know what to think, maybe it really is cursed.\"\r\n\r\nYang grins widely, \"Now comes the most interesting part, Boss! Listen up!\"\r\n\r\n\"If your people can fix it, then godspeed, but I really doubt it, my guys are fairly good. I didn't expect the ‘Mech to be the real deal, just wanted to make peace with the family legend, use it for my own purposes, or, at last, bury it. It is weird... a lot of people died for this [[DM.MechDefs[mechdef_archer_ARC-2Rb_CRS],Archer]] and it doesn't even want to work. Maybe pa was right and that thing was truly not meant to be found. So I wanted to tell you... Well, I sent it back to you. Keep it, sell it, take it apart, whatever you want – I don’t need it, maybe you will have better use of it. Oh, and I sent your payment in cash along with 'Mech, so sorry it took so long. That’s all. Maybe I'll see you again someday, [name], but for now, good luck and thanks for everything,\" Carnor's recording ends and his image freezes on the screen again.\r\n\r\nA short time later, your voice breaks the sudden silence: \"Did I understand correctly, we just got back an entire [[DM.BaseDescriptionDefs[LoreARC-2Rb],Archer 2Rb]]? Just like that, because it’s <i>supposedly</i> cursed? I must be dreaming.\"\r\n\r\n\"No, Boss,\" Yang shakes his head. \"Your friend actually sent it back, but I have no idea what he's talking about.\"\r\n\r\n\"Didn't you fire up the 'Mech?\" Darius turns to him.\r\n\r\n\"Nah, those [[DM.BaseDescriptionDefs[LoreInterstellarExpeditions],IE]] guys were so excited about their new toys that they lent us a heavy [[DM.BaseDescriptionDefs[LoreBRV],BRV]], and we just took Archer out of there, I only had time to dig into the computer; we were running it from a portable battery. I wanted to do more later, but didn't have time – if you forgot, then the Boss agreed with Prof about the shipment, and the ‘Mech didn’t get aboard at all. Anyway, I'll get to it, we can't just throw away a ‘Mech like that. Maybe Carnor's guys just aren't that good, or maybe they have worse equipment. I'll let you all know as soon as there's any news,\" Chief MechTech assures you.\r\n\r\nReturning to your cabin, you realize that you won’t pick up the book today again: curses and the SLDF ‘Mechs falling into your hands occupy all your thoughts.",
                        "Icon" : null
                    },
                    "Weight" : 100,
                    "Results" : [
                        {
                            "Scope" : "Company",
                            "Requirements" : null,
                            "AddedTags" : {
                                "tagSetSourceFile" : "Tags/CompanyTags",
                                "items" : [
                                    "event_co_prodigal_Archer1_finished"
                                ]
                            },
                            "RemovedTags" : {
                                "tagSetSourceFile" : "",
                                "items" : []
                            },
                            "Stats" : [
                                {
                                    "typeString" : "System.Int32",
                                    "name" : "Funds",
                                    "value" : "2000000",
                                    "set" : false,
                                    "valueConstant" : null
                                }
							],
                            "Actions" : [
                                {
                                    "Type" : "System_ShowRewards",
                                    "value" : "itemCollection_loot_event_Prodigal_Archer",
                                    "valueConstant" : null,
                                    "additionalValues" : null
                                }
                            ],
                            "ForceEvents" : [
								{
									"Scope" : "Company",
									"EventID" : "forcedevent_co_lock_And_Load",
									"MinDaysWait" : 3,
									"MaxDaysWait" : 3,
									"Probability" : 100,
									"RetainPilot" : false
								}
							],
                            "TemporaryResult" : false,
                            "ResultDuration" : 0
                        }
                    ]
                }
            ],
            "Requirements" : {
                "Scope" : "Company",
                "RequirementTags" : {
                    "tagSetSourceFile" : "",
                    "items" : []
                },
                "ExclusionTags" : {
                    "tagSetSourceFile" : "",
                    "items" : []
                },
                "RequirementComparisons" : []
            }
        },
        {
            "Description" : {
                "Id" : "outcome_1",
                "Name" : "Ask what Yang is so excited about.",
                "Details" : "Everything turned on.",
                "Icon" : null
            },
            "RequirementList" : [],
            "ResultSets" : [
                {
                    "Description" : {
                        "Id" : "outcome_1_0",
                        "Name" : "high spirits, defend your decision, one-on-one",
                        "Details" : "\"Well, Chief, let's start with you then. What's the news?\" you turn to Yang.\r\n\r\nVirtanen laughs, \"No, I’ll let Darius start. You should hear him say it.\"\r\n\r\nOliveira sighs, knowing this is going to sound strange, but replies, \"Well, apparently Carnor and his MechTechs believe the ‘Mech we found is cursed.\"\r\n\r\n\"Yeah, Boss, it sounds like complete nonsense, but you better see it for yourself,\" Yang says.\r\n\r\nDarius opens the email, clicks the keys, and rewinds the video on the viewscreen. The image of your old friend is a little blurry, but the sound is clear.\r\n\r\n\"Hello friend... This will be difficult to explain, but I'll try. Let's start with the good news. Your work helped us secure a good deal with the Davion duke, it's a great contract. We are paid so much that after the end of the contract I am thinking about handing over command, resigning and doing something for myself. And by the way, we got access to quite good gear,\" Carnor tells you enthusiastically.\r\n\r\n\"Yeah, \"look at me, what a successful guy I am!\" grumbles Yang, who saw that message before. Darius silently shakes his fist at him, hinting not to interrupt, and the Chief, putting on an innocent face, falls silent.\r\n\r\nCarnor, meanwhile, goes on, \"Now what I wanted to tell you. This ‘Mech you found... It's strange, and I can't explain it. I tried to drive it after our MechTechs tinkered with it, but the pain... I couldn’t go long within, it was almost torture. It is almost impossible to get it to move, so after two tries I gave up. I prefer my [[DM.BaseDescriptionDefs[LoreRifleman],Rifleman]], which don’t make my head explode every time I hop into. My techs can’t find any problems with the machine, they say it operates properly, but any time someone tries to use it ends up with headache at best... and often worse. I don't know what to think, maybe it really is cursed.\"\r\n\r\nYang grins widely, \"Now comes the most interesting part, Boss! Listen up!\"\r\n\r\n\"If your people can fix it, then godspeed, but I really doubt it, my guys are fairly good. I didn't expect the ‘Mech to be the real deal, just wanted to make peace with the family legend, use it for my own purposes, or, at last, bury it. It is weird... a lot of people died for this [[DM.MechDefs[mechdef_archer_ARC-2Rb_CRS],Archer]] and it doesn't even want to work. Maybe pa was right and that thing was truly not meant to be found. So I wanted to tell you... Well, I sent it back to you. Keep it, sell it, take it apart, whatever you want – I don’t need it, maybe you will have better use of it. Oh, and I sent your payment in cash along with 'Mech, so sorry it took so long. That’s all. Maybe I'll see you again someday, [name], but for now, good luck and thanks for everything,\" Carnor's recording ends and his image freezes on the screen again.\r\n\r\nA short time later, your voice breaks the sudden silence: \"Did I understand correctly, we just got back an entire [[DM.BaseDescriptionDefs[LoreARC-2Rb],Archer 2Rb]]? Just like that, because it’s <i>supposedly</i> cursed? I must be dreaming.\"\r\n\r\n\"No, Boss,\" Yang shakes his head. \"Your friend actually sent it back, but I have no idea what he's talking about.\"\r\n\r\n\"Didn't you fire up the 'Mech?\" Darius turns to him.\r\n\r\n\"Nah, those [[DM.BaseDescriptionDefs[LoreInterstellarExpeditions],IE]] guys were so excited about their new toys that they lent us a heavy [[DM.BaseDescriptionDefs[LoreBRV],BRV]], and we just took Archer out of there, I only had time to dig into the computer; we were running it from a portable battery. I wanted to do more later, but didn't have time – if you forgot, then the Boss agreed with Prof about the shipment, and the ‘Mech didn’t get aboard at all. Anyway, I'll get to it, we can't just throw away a ‘Mech like that. Maybe Carnor's guys just aren't that good, or maybe they have worse equipment. I'll let you all know as soon as there's any news,\" Chief MechTech assures you.\r\n\r\nReturning to your cabin, you realize that you won’t pick up the book today again: curses and the SLDF ‘Mechs falling into your hands occupy all your thoughts.",
                        "Icon" : null
                    },
                    "Weight" : 100,
                    "Results" : [
                        {
                            "Scope" : "Company",
                            "Requirements" : null,
                            "AddedTags" : {
                                "tagSetSourceFile" : "Tags/CompanyTags",
                                "items" : [
                                    "event_co_prodigal_Archer1_finished"
                                ]
                            },
                            "RemovedTags" : {
                                "tagSetSourceFile" : "",
                                "items" : []
                            },
                            "Stats" : [
                                {
                                    "typeString" : "System.Int32",
                                    "name" : "Funds",
                                    "value" : "2000000",
                                    "set" : false,
                                    "valueConstant" : null
                                }
							],
                            "Actions" : [
                                {
                                    "Type" : "System_ShowRewards",
                                    "value" : "itemCollection_loot_event_Prodigal_Archer",
                                    "valueConstant" : null,
                                    "additionalValues" : null
                                }
                            ],
                            "ForceEvents" : [
								{
									"Scope" : "Company",
									"EventID" : "forcedevent_co_lock_And_Load",
									"MinDaysWait" : 3,
									"MaxDaysWait" : 3,
									"Probability" : 100,
									"RetainPilot" : false
								}
							],
                            "TemporaryResult" : false,
                            "ResultDuration" : 0
                        }
                    ]
                }
            ],
            "Requirements" : {
                "Scope" : "Company",
                "RequirementTags" : {
                    "tagSetSourceFile" : "",
                    "items" : []
                },
                "ExclusionTags" : {
                    "tagSetSourceFile" : "",
                    "items" : []
                },
                "RequirementComparisons" : []
            }
        }
    ],
    "PublishState" : "PUBLISHED",
    "ValidationState" : "UNTESTED",
    "EventType" : "NORMAL",
    "OneTimeEvent" : false
}