{
    "Description" : {
        "Id" : "forcedevent_co_urbiesGotAGunAU1",
        "Name" : "Special Offer: Urbie's Got A Gun",
        "Details" : "Darius asks you to go up to the Command Center, \"We have news from [[DM.BaseDescriptionDefs[LoreAngryUrbies],Billy Pop and his gang]], {COMMANDER.FirstName}, and they have planned another raid, they invite us to join. I've already called all the senior staff.\"\r\n\r\nXO himself, Dr. Murad, your navigator Sumire Meyer and Chief MechTech Virtanen are already waiting for you on the spot, and as soon as you enter, Darius starts a message from Billy. \"Hey, {COMPANY.CompanyName}!\" Bop greets you while in the background Boris and GG drink beer and play cards, Iggy is nowhere to be seen, but judging by the animated exclamations and the hum of the mixer coming from the open door in the corner, he’s making cocktails in the next compartment. \"Some ranking [[DM.Factions[faction_Kurita],Combine]] dumbass fucked up in the supply list, so we have two pieces of news, like in the old joke: the good news is that a large shipment of weapons and ammo is now stuck on [[DM.BaseDescriptionDefs[LoreRukbat],Rukbat]], including toys for ‘Mechs, bad news – there are several other small gangs like us in that system too. The weapons are now being sorted and redistributed on the surface, some will go to the local garrison, the rest will be transported in convoys to the spaceports. If you’re in, then you better hurry – we have a schedule transporting the coolest guns, but I'm almost sure that we aren’t the only ones to have it.\"\r\n\r\n\"I think we could get ourselves some nice guns, Boss,\" Yang adjusts his glasses. \"More firepower certainly wouldn't hurt, the battles aren't getting any easier.\"\r\n\r\n\"I’m not crazy about the idea of attacking a Combine convoy without a contract, but even if we don’t use these weapons, we can sell it well,\" Sumire unexpectedly agrees.\r\n\r\nFarah is thoughtful, \"I don’t know. No matter who gets their hands on weapons, nothing good will come of it, Commander. Сan't say anything either for or against.\"\r\n\r\n\"So what do you say?\" Darius asks you.",
        "Icon" : "uixTxrSpot_FP_S&V_UGAG_event_titlecard"
    },
    "Scope" : "Company",
    "Weight" : 1000,
    "Requirements" : {
        "Scope" : "Company",
        "RequirementTags" : {
            "tagSetSourceFile" : "Tags/CompanyTags",
            "items" : [
                "flashpoint_armedRobberyAU_complete"
            ]
        },
        "ExclusionTags" : {
            "tagSetSourceFile" : "Tags/CompanyTags",
            "items" : [
                "forcedevent_co_urbiesGotAGunAU1_finished"
            ]
        },
        "RequirementComparisons" : []
    },
    "AdditionalRequirements" : [],
    "AdditionalObjects" : [],
    "Options" : [
        {
            "Description" : {
                "Id" : "outcome_0",
                "Name" : "Accept the Billy Pop's offer.",
                "Details" : "whatever",
                "Icon" : null
            },
            "RequirementList" : [],
            "ResultSets" : [
                {
                    "Description" : {
                        "Id" : "outcome_0_0",
                        "Name" : "high spirits, defend your decision, one-on-one",
                        "Details" : "\"I think you're right, Chief. Firepower is never enough, and even if we don't use these weapons, we can always sell them, like Sumire said,\" you answer after thinking a bit. \"Darius, let Bop know, we're leaving for Rukbat as soon as we can.\"\r\n\r\nXO nods and promises you that he will arrange everything. Leaving the Command Center in the company of Yang and Farah, you see in your peripheral vision how Sumire is already conjuring the course.",
                        "Icon" : null
                    },
                    "Weight" : 100,
                    "Results" : [
                        {
                            "Scope" : "Company",
                            "Requirements" : null,
                            "AddedTags" : {
                                "tagSetSourceFile" : "Tags/CompanyTags",
                                "items" : [
                                    "forcedevent_co_urbiesGotAGunAU1_finished"
                                ]
                            },
                            "RemovedTags" : {
                                "tagSetSourceFile" : "",
                                "items" : []
                            },
                            "Stats" : null,
                            "Actions" : [
                                {
                                    "Type" : "System_AddFlashpoint",
                                    "value" : "fp_urbiesGotAGunAU",
                                    "valueConstant" : null,
                                    "additionalValues" : [
                                        "Rukbat"
                                    ]
                                }
                            ],
                            "ForceEvents" : null,
                            "TemporaryResult" : false,
                            "ResultDuration" : 0
                        }
                    ]
                }
            ],
            "Requirements" : {
                "Scope" : "Company",
                "RequirementTags" : {
                    "tagSetSourceFile" : "",
                    "items" : []
                },
                "ExclusionTags" : {
                    "tagSetSourceFile" : "",
                    "items" : []
                },
                "RequirementComparisons" : []
            }
        },
        {
            "Description" : {
                "Id" : "outcome_1",
                "Name" : "Reject it.",
                "Details" : "honest option, One-on-One fight",
                "Icon" : null
            },
            "RequirementList" : [],
            "ResultSets" : [
                {
                    "Description" : {
                        "Id" : "outcome_1_0",
                        "Name" : "high spirits, the fans approve",
                        "Details" : "You shake your head, \"No, that sounds too hot. Even if by some miracle the convoy is poorly protected, we'll almost certainly run into another pirate gang and be fighting two enemies at once. Tell them it's none of our business.\"\r\n\r\nDarius doesn't argue, \"Well, whatever you say, boss. I'll tell them to look for something else.\"",
                        "Icon" : null
                    },
                    "Weight" : 100,
                    "Results" : [
                        {
                            "Scope" : "Company",
                            "Requirements" : null,
                            "AddedTags" : {
                                "tagSetSourceFile" : "Tags/CompanyTags",
                                "items" : [
                                    "forcedevent_co_urbiesGotAGunAU1_finished",
                                    "flashpoint_urbiesGotAGunAU_complete"
                                ]
                            },
                            "RemovedTags" : {
                                "tagSetSourceFile" : "",
                                "items" : []
                            },
                            "Stats" : null,
                            "Actions" : [],
                            "ForceEvents" : [
								{
									"Scope" : "Company",
									"EventID" : "forcedevent_co_ratRaceAU",
									"MinDaysWait" : 40,
									"MaxDaysWait" : 40,
									"Probability" : 100,
									"RetainPilot" : false
								}
							],
                            "TemporaryResult" : false,
                            "ResultDuration" : 0
                        }
                    ]
                }
            ],
            "Requirements" : {
                "Scope" : "Company",
                "RequirementTags" : {
                    "tagSetSourceFile" : "",
                    "items" : []
                },
                "ExclusionTags" : {
                    "tagSetSourceFile" : "",
                    "items" : []
                },
                "RequirementComparisons" : []
            }
        }
    ],
    "PublishState" : "PUBLISHED",
    "ValidationState" : "UNTESTED",
    "EventType" : "UNSELECTABLE",
    "OneTimeEvent" : false,
    "Tags" : {
        "tagSetSourceFile" : "tags/EventTags",
        "items" : []
    }
}