{
    "Description" : {
        "Id" : "forcedevent_co_ww_invitation1",
        "Name" : "Something like a mousetrap",
        "Details" : "In the middle of the working day, Darius calls all the senior staff to the Command Center. \"You won't believe it. We got a message from [[DM.BaseDescriptionDefs[LoreDieterAnders], Dieter Anders]].\"\r\n\r\nSumire is curious.\"The producer who wanted [[DM.BaseDescriptionDefs[LoreTheMackies],The Mackies]]' Mackies on Notwina? What is there?\"",
        "Icon" : "uixTxrSpot_DailyBriefing"
    },
    "Scope" : "Company",
    "Weight" : 1000,
    "Requirements" : {
        "Scope" : "Company",
        "RequirementTags" : {
            "items" : [
                "flashpoint_mechsMercsRnR_a"
            ],
            "tagSetSourceFile" : "Tags/CompanyTags"
        },
        "ExclusionTags" : {
            "items" : [
                "event_co_ww_invintation1_finished",
                "flashpoint_wildWedding_complete"
            ],
            "tagSetSourceFile" : "Tags/CompanyTags"
        },
        "RequirementComparisons" : []
    },
    "AdditionalRequirements" : [],
    "AdditionalObjects" : [],
    "Options" : [
        {
            "Description" : {
                "Id" : "outcome_0",
                "Name" : "Ask what the matter is.",
                "Details" : "Option A",
                "Icon" : ""
            },
            "RequirementList" : [],
            "ResultSets" : [
                {
                    "Description" : {
                        "Id" : "outcome_0_0",
                        "Name" : "Something happens",
                        "Details" : "\"So what's in the letter?\" you ask.\r\n\r\nDarius thoughtfully explains, \"I have read it three times, but I don’t understand what the catch is. He offers us a job and he will give the details upon arrival.\"\r\n\r\n\"Well, what's so weird about it? I mean, apart from the fact that we beat this guy and blew up his ‘Mech, and now he's sending us a letter,\" Yang interjects.\r\n\r\n\"The appointment is at [[DM.BaseDescriptionDefs[LoreNewAvalon],New Avalon]],\" explains XO.\r\n\r\nFarah looks very surprised. \"What kind of work can a media mogul have for a team of mercenaries like us at the [[DM.Factions[faction_Davion],FedSuns]] capital?\"\r\n\r\n\"Yeah, looks suspicious,\" you agree. \"This could be a trap. On the other hand, why not check? If he's not planning some kind of the [[DM.BaseDescriptionDefs[LoreHanseDavion],First Prince]] robbery, then we can make some money. At the same time we’ll have a look at the local sights. Sumire, set a course for New Avalon. Let's see what Anders wants from us.\"",
                        "Icon" : ""
                    },
                    "Weight" : 100,
                    "Results" : [
                        {
                            "Scope" : "Company",
                            "Requirements" : null,
                            "AddedTags" : {
                                "items" : [
                                    "event_co_ww_invintation1_finished"
                                ],
                                "tagSetSourceFile" : "Tags/CompanyTags",
                            },
                            "RemovedTags" : {
                                "items" : null,
                                "tagSetSourceFile" : ""
                            },
                            "Stats" : null,
                            "Actions" : [
                                {
                                    "Type" : "System_AddFlashpoint",
                                    "value" : "fp_wildWedding",
                                    "valueConstant" : null,
                                    "additionalValues" : [
                                        "NewAvalon"
                                    ]
                                }
                            ],
                            "ForceEvents" : null,
                            "TemporaryResult" : false,
                            "ResultDuration" : 0
                        }
					]
                }
            ],
            "Requirements" : {
                "Scope" : "Company",
                "RequirementTags" : {
                    "items" : null,
                    "tagSetSourceFile" : ""
                },
                "ExclusionTags" : {
                    "items" : null,
                    "tagSetSourceFile" : ""
                },
                "RequirementComparisons" : []
            }
        },
        {
            "Description" : {
                "Id" : "outcome_1",
                "Name" : "Wait for Darius to tell everything.",
                "Details" : "Everything turned on.",
                "Icon" : ""
            },
            "RequirementList" : [],
            "ResultSets" : [
                {
                    "Description" : {
                        "Id" : "outcome_1_0",
                        "Name" : "High spirits, defend your decision, one-on-one",
                        "Details" : "Darius is silent for a while, but when you are about to rush him, he starts speaking again. \"I have read it three times, but I don’t understand what the catch is. He offers us a job and he will give the details upon arrival.\"\r\n\r\n\"Well, what's so weird about it? I mean, apart from the fact that we beat this guy and blew up his ‘Mech, and now he's sending us a letter,\" Yang interjects.\r\n\r\n\"The appointment is at [[DM.BaseDescriptionDefs[LoreNewAvalon],New Avalon]],\" explains XO.\r\n\r\nFarah looks very surprised. \"What kind of work can a media mogul have for a team of mercenaries like us at the [[DM.Factions[faction_Davion],FedSuns]] capital?\"\r\n\r\n\"Yeah, looks suspicious,\" you agree. \"This could be a trap. On the other hand, why not check? If he's not planning some kind of the [[DM.BaseDescriptionDefs[LoreHanseDavion],First Prince]] robbery, then we can make some money. At the same time we’ll have a look at the local sights. Sumire, set a course for New Avalon. Let's see what Anders wants from us.\"",
                        "Icon" : ""
                    },
                    "Weight" : 100,
                    "Results" : [
                        {
                            "Scope" : "Company",
                            "Requirements" : null,
                            "AddedTags" : {
                                "items" : [
                                    "event_co_ww_invintation1_finished"
                                ],
                                "tagSetSourceFile" : "Tags/CompanyTags",
                            },
                            "RemovedTags" : {
                                "items" : null,
                                "tagSetSourceFile" : ""
                            },
                            "Stats" : null,
                            "Actions" : [
                                {
                                    "Type" : "System_AddFlashpoint",
                                    "value" : "fp_wildWedding",
                                    "valueConstant" : null,
                                    "additionalValues" : [
                                        "NewAvalon"
                                    ]
                                }
                            ],
                            "ForceEvents" : null,
                            "TemporaryResult" : false,
                            "ResultDuration" : 0
                        }
					]
                }
            ],
            "Requirements" : {
                "Scope" : "Company",
                "RequirementTags" : {
                    "items" : null,
                    "tagSetSourceFile" : ""
                },
                "ExclusionTags" : {
                    "items" : null,
                    "tagSetSourceFile" : ""
                },
                "RequirementComparisons" : []
            }
        }
    ],
    "PublishState" : "PUBLISHED",
    "ValidationState" : "UNTESTED",
    "EventType" : "NORMAL"
}