{
    "Description" : {
        "Id" : "forcedevent_co_the_letter_mmrnr1",
        "Name" : "The Letter",
        "Details" : "\"Well, what is it?\" Sumire asks.\r\n\r\nDarius just shrugs, \"You see; it's a letter.\"\r\n\r\nYour navigator rolls her eyes dramatically, \"Really, I never would have guessed!\"\r\n\r\n\"Don't fight you two,\" Farah implores. \"Commander, you are just in time. Somebody sent us a job offer, but it's kind of weird.\"\r\n\r\nLooking through the text of the message, you really do find it rather unusual: \"Hi, {COMPANY.CompanyName}! We need tough mercenaries. We mean, COOL, real-friggin'-tough ice-cold guys! We've seen you in the [[DM.BaseDescriptionDefs[LoreMercenaryReviewBoard],MRB]] ratings and we wanna hire you! Let’s meet at [[DM.BaseDescriptionDefs[LoreNotwina],Notwina]], OK? We need you as soon as possible! And yep, we’ll pay well!\r\n\r\n                                                                                                                                                                                    The Mackies\"\r\n\r\n\"Sounds like some kind of nonsense,\" Sumire continues to insist. \"Are we really going to go there, Commander?\"",
        "Icon" : "uixTxrSpot_FP_MMRNR_the_letter"
    },
    "Scope" : "Company",
    "Weight" : 1000,
    "Requirements" : {
        "Scope" : "Company",
        "RequirementTags" : {
            "items" : [
                "flashpoint_scoundrel_complete"
            ],
            "tagSetSourceFile" : "Tags/CompanyTags"
        },
        "ExclusionTags" : {
            "items" : [
                "forcedevent_co_the_letter_mmrnr1_finished"
            ],
            "tagSetSourceFile" : "Tags/CompanyTags"
        },
        "RequirementComparisons" : []
    },
    "AdditionalRequirements" : [],
    "AdditionalObjects" : [],
    "Options" : [
        {
            "Description" : {
                "Id" : "outcome_0",
                "Name" : "Confirm Sumire's suspicions.",
                "Details" : "Option 1",
                "Icon" : ""
            },
            "RequirementList" : [],
            "ResultSets" : [
                {
                    "Description" : {
                        "Id" : "outcome_0_0",
                        "Name" : "Fly now.",
                        "Details" : "After re-reading the message again and quickly thinking it over, you answer in the affirmative, \"Let's fly there. Set a course, Sumire. I agree it sounds ridiculous, but we always need a job, and this one could be as good as any other, it’s worth checking out.\"\r\n\r\nWith a sigh of doom, your navigator gets down to business. Darius spreads his hands, but doesn't say anything.",
                        "Icon" : ""
                    },
                    "Weight" : 100,
                    "Results" : [
                        {
                            "Scope" : "Company",
                            "Requirements" : null,
                            "AddedTags" : {
                                "items" : [
                                    "forcedevent_co_the_letter_mmrnr1_finished"
                                ],
                                "tagSetSourceFile" : "Tags/CompanyTags",
                            },
                            "RemovedTags" : {
                                "items" : null,
                                "tagSetSourceFile" : ""
                            },
                            "Stats" : null,
                            "Actions" : [
                                {
                                    "Type" : "System_AddFlashpoint",
                                    "value" : "fp_mechsMercsRnR",
                                    "valueConstant" : null,
                                    "additionalValues" : [
                                        "Notwina"
                                    ]
                                }
                            ],
                            "ForceEvents" : null,
                            "TemporaryResult" : false,
                            "ResultDuration" : 0
                        }
					]
                }
            ],
            "Requirements" : {
                "Scope" : "Company",
                "RequirementTags" : {
                    "items" : null,
                    "tagSetSourceFile" : ""
                },
                "ExclusionTags" : {
                    "items" : null,
                    "tagSetSourceFile" : ""
                },
                "RequirementComparisons" : []
            }
        },
        {
            "Description" : {
                "Id" : "outcome_1",
                "Name" : "Postpone the flight, but don’t refuse.",
                "Details" : "Everything turned on.",
                "Icon" : ""
            },
            "RequirementList" : [],
            "ResultSets" : [
                {
                    "Description" : {
                        "Id" : "outcome_1_0",
                        "Name" : "Fly later.",
                        "Details" : "After a moment's thought, you wave your hand vaguely, \"I guess it's not that urgent. We'll take care of this when there's time, so leave a note on the map.\"\r\n\r\n\"We could lose this offer if we don't fly out now,\" Darius warns.\r\n\r\n\"Maybe, but it doesn't look that serious. It can wait,\" you finally decide. XO's expression shows that he still disagrees, but decides not to argue with you.",
                        "Icon" : ""
                    },
                    "Weight" : 100,
                    "Results" : [
                        {
                            "Scope" : "Company",
                            "Requirements" : null,
                            "AddedTags" : {
                                "items" : [
                                    "forcedevent_co_the_letter_mmrnr1_finished"
                                ],
                                "tagSetSourceFile" : "Tags/CompanyTags",
                            },
                            "RemovedTags" : {
                                "items" : null,
                                "tagSetSourceFile" : ""
                            },
                            "Stats" : null,
                            "Actions" : [
                                {
                                    "Type" : "System_AddFlashpoint",
                                    "value" : "fp_mechsMercsRnR",
                                    "valueConstant" : null,
                                    "additionalValues" : [
                                        "Notwina"
                                    ]
                                }
                            ],
                            "ForceEvents" : null,
                            "TemporaryResult" : false,
                            "ResultDuration" : 0
                        }
					]
                }
            ],
            "Requirements" : {
                "Scope" : "Company",
                "RequirementTags" : {
                    "items" : null,
                    "tagSetSourceFile" : ""
                },
                "ExclusionTags" : {
                    "items" : null,
                    "tagSetSourceFile" : ""
                },
                "RequirementComparisons" : []
            }
        }
    ],
    "PublishState" : "PUBLISHED",
    "ValidationState" : "UNTESTED",
    "EventType" : "NORMAL"
}