{
    "enumerationValueList" : [
		{
			"ID" : 1101,
			"Name" : "RockBand",
			"FriendlyName" : "RockBand",
			"Description" : "",
			"FactionDefID" : "faction_RockBand",
			"IsRealFaction" : true,
			"IsGreatHouse" : false,
			"IsClan" : false,
			"IsMercenary" : false,
			"IsPirate" : false,
			"DoesGainReputation" : false,
			"CanAlly" : false,
			"IsProceduralContractFaction" : false,
			"IsCareerScoringFaction" : false,
			"IsCareerIgnoredContractTarget" : false,
			"IsCareerStartingDisplayFaction" : false,
			"IsStoryStartingDisplayFaction" : false,
			"HasAIBehaviorVariableScope" : false
		},
		{
			"ID" : 1102,
			"Name" : "LocalPunks",
			"FriendlyName" : "LocalPunks",
			"Description" : "",
			"FactionDefID" : "faction_LocalPunks",
			"IsRealFaction" : true,
			"IsGreatHouse" : false,
			"IsClan" : false,
			"IsMercenary" : false,
			"IsPirate" : false,
			"DoesGainReputation" : false,
			"CanAlly" : false,
			"IsProceduralContractFaction" : false,
			"IsCareerScoringFaction" : false,
			"IsCareerIgnoredContractTarget" : false,
			"IsCareerStartingDisplayFaction" : false,
			"IsStoryStartingDisplayFaction" : false,
			"HasAIBehaviorVariableScope" : false
		},
		{
			"ID" : 1103,
			"Name" : "FirestarterRecords",
			"FriendlyName" : "FirestarterRecords",
			"Description" : "",
			"FactionDefID" : "faction_FirestarterRecords",
			"IsRealFaction" : true,
			"IsGreatHouse" : false,
			"IsClan" : false,
			"IsMercenary" : false,
			"IsPirate" : false,
			"DoesGainReputation" : false,
			"CanAlly" : false,
			"IsProceduralContractFaction" : false,
			"IsCareerScoringFaction" : false,
			"IsCareerIgnoredContractTarget" : false,
			"IsCareerStartingDisplayFaction" : false,
			"IsStoryStartingDisplayFaction" : false,
			"HasAIBehaviorVariableScope" : false
		},
		{
			"ID" : 1104,
			"Name" : "HadleyCrew",
			"FriendlyName" : "Hadley",
			"Description" : "",
			"FactionDefID" : "faction_HadleyCrew",
			"IsRealFaction" : true,
			"IsGreatHouse" : false,
			"IsClan" : false,
			"IsMercenary" : false,
			"IsPirate" : false,
			"DoesGainReputation" : false,
			"CanAlly" : false,
			"IsProceduralContractFaction" : false,
			"IsCareerScoringFaction" : false,
			"IsCareerIgnoredContractTarget" : false,
			"IsCareerStartingDisplayFaction" : false,
			"IsStoryStartingDisplayFaction" : false,
			"HasAIBehaviorVariableScope" : false
		},
		{
			"ID" : 1105,
			"Name" : "DCRecords",
			"FriendlyName" : "DCRecords",
			"Description" : "",
			"FactionDefID" : "faction_DCRecords",
			"IsRealFaction" : true,
			"IsGreatHouse" : false,
			"IsClan" : false,
			"IsMercenary" : false,
			"IsPirate" : false,
			"DoesGainReputation" : false,
			"CanAlly" : false,
			"IsProceduralContractFaction" : false,
			"IsCareerScoringFaction" : false,
			"IsCareerIgnoredContractTarget" : false,
			"IsCareerStartingDisplayFaction" : false,
			"IsStoryStartingDisplayFaction" : false,
			"HasAIBehaviorVariableScope" : false
		},
		{
			"ID" : 1106,
			"Name" : "BlackSabbath",
			"FriendlyName" : "BlackSabbath",
			"Description" : "",
			"FactionDefID" : "faction_BlackSabbath",
			"IsRealFaction" : true,
			"IsGreatHouse" : false,
			"IsClan" : false,
			"IsMercenary" : false,
			"IsPirate" : false,
			"DoesGainReputation" : false,
			"CanAlly" : false,
			"IsProceduralContractFaction" : false,
			"IsCareerScoringFaction" : false,
			"IsCareerIgnoredContractTarget" : false,
			"IsCareerStartingDisplayFaction" : false,
			"IsStoryStartingDisplayFaction" : false,
			"HasAIBehaviorVariableScope" : false
		},
		{
			"ID" : 1107,
			"Name" : "DavionUnknown",
			"FriendlyName" : "DavionUnknown",
			"Description" : "",
			"FactionDefID" : "faction_DavionUnknown",
			"IsRealFaction" : true,
			"IsGreatHouse" : false,
			"IsClan" : false,
			"IsMercenary" : false,
			"IsPirate" : false,
			"DoesGainReputation" : false,
			"CanAlly" : false,
			"IsProceduralContractFaction" : false,
			"IsPossibleNeutralToAllFaction" : false,
			"IsPossibleHostileToAllFaction" : false,
			"IsPossibleAllyFallbackFaction" : false,
			"IsCareerScoringFaction" : false,
			"IsCareerIgnoredContractTarget" : false,
			"IsCareerStartingDisplayFaction" : false,
			"IsStoryStartingDisplayFaction" : false,
			"HasAIBehaviorVariableScope" : false
		},
		{
			"ID" : 1108,
			"Name" : "ComStarUnknown",
			"FriendlyName" : "ComStarUnknown",
			"Description" : "",
			"FactionDefID" : "faction_ComStarUnknown",
			"IsRealFaction" : true,
			"IsGreatHouse" : false,
			"IsClan" : false,
			"IsMercenary" : false,
			"IsPirate" : false,
			"DoesGainReputation" : false,
			"CanAlly" : false,
			"IsProceduralContractFaction" : false,
			"IsPossibleNeutralToAllFaction" : false,
			"IsPossibleHostileToAllFaction" : false,
			"IsPossibleAllyFallbackFaction" : false,
			"IsCareerScoringFaction" : false,
			"IsCareerIgnoredContractTarget" : false,
			"IsCareerStartingDisplayFaction" : false,
			"IsStoryStartingDisplayFaction" : false,
			"HasAIBehaviorVariableScope" : false
		},
		{
			"ID" : 1109,
			"Name" : "NavarraMRC",
			"FriendlyName" : "NavarraMRC",
			"Description" : "",
			"FactionDefID" : "faction_NavarraMRC",
			"IsRealFaction" : true,
			"IsGreatHouse" : false,
			"IsClan" : false,
			"IsMercenary" : false,
			"IsPirate" : false,
			"DoesGainReputation" : false,
			"CanAlly" : false,
			"IsProceduralContractFaction" : false,
			"IsCareerScoringFaction" : false,
			"IsCareerIgnoredContractTarget" : false,
			"IsCareerStartingDisplayFaction" : false,
			"IsStoryStartingDisplayFaction" : false,
			"HasAIBehaviorVariableScope" : false
		},
		{
			"ID" : 1110,
			"Name" : "ThomasNAIS",
			"FriendlyName" : "ThomasNAIS",
			"Description" : "",
			"FactionDefID" : "faction_ThomasNAIS",
			"IsRealFaction" : true,
			"IsGreatHouse" : false,
			"IsClan" : false,
			"IsMercenary" : false,
			"IsPirate" : false,
			"DoesGainReputation" : false,
			"CanAlly" : false,
			"IsProceduralContractFaction" : false,
			"IsCareerScoringFaction" : false,
			"IsCareerIgnoredContractTarget" : false,
			"IsCareerStartingDisplayFaction" : false,
			"IsStoryStartingDisplayFaction" : false,
			"HasAIBehaviorVariableScope" : false
		},
		{
			"ID" : 1111,
			"Name" : "DieterCovered",
			"FriendlyName" : "DieterCovered",
			"Description" : "",
			"FactionDefID" : "faction_DieterCovered",
			"IsRealFaction" : true,
			"IsGreatHouse" : false,
			"IsClan" : false,
			"IsMercenary" : false,
			"IsPirate" : false,
			"DoesGainReputation" : false,
			"CanAlly" : false,
			"IsProceduralContractFaction" : false,
			"IsCareerScoringFaction" : false,
			"IsCareerIgnoredContractTarget" : false,
			"IsCareerStartingDisplayFaction" : false,
			"IsStoryStartingDisplayFaction" : false,
			"HasAIBehaviorVariableScope" : false
		},
		{
			"ID" : 1112,
			"Name" : "AngryUrbies",
			"FriendlyName" : "AngryUrbies",
			"Description" : "",
			"FactionDefID" : "faction_AngryUrbies",
			"IsRealFaction" : true,
			"IsGreatHouse" : false,
			"IsClan" : false,
			"IsMercenary" : false,
			"IsPirate" : false,
			"DoesGainReputation" : false,
			"CanAlly" : false,
			"IsProceduralContractFaction" : false,
			"IsCareerScoringFaction" : false,
			"IsCareerIgnoredContractTarget" : false,
			"IsCareerStartingDisplayFaction" : false,
			"IsStoryStartingDisplayFaction" : false,
			"HasAIBehaviorVariableScope" : false
		},
		{
			"ID" : 1113,
			"Name" : "BowmanBH",
			"FriendlyName" : "BowmanBH",
			"Description" : "",
			"FactionDefID" : "faction_BowmanBH",
			"IsRealFaction" : true,
			"IsGreatHouse" : false,
			"IsClan" : false,
			"IsMercenary" : false,
			"IsPirate" : false,
			"DoesGainReputation" : false,
			"CanAlly" : false,
			"IsProceduralContractFaction" : false,
			"IsCareerScoringFaction" : false,
			"IsCareerIgnoredContractTarget" : false,
			"IsCareerStartingDisplayFaction" : false,
			"IsStoryStartingDisplayFaction" : false,
			"HasAIBehaviorVariableScope" : false
		},
		{
			"ID" : 1114,
			"Name" : "BattleBudgies",
			"FriendlyName" : "BattleBudgies",
			"Description" : "",
			"FactionDefID" : "faction_BattleBudgies",
			"IsRealFaction" : true,
			"IsGreatHouse" : false,
			"IsClan" : false,
			"IsMercenary" : false,
			"IsPirate" : false,
			"DoesGainReputation" : false,
			"CanAlly" : false,
			"IsProceduralContractFaction" : false,
			"IsCareerScoringFaction" : false,
			"IsCareerIgnoredContractTarget" : false,
			"IsCareerStartingDisplayFaction" : false,
			"IsStoryStartingDisplayFaction" : false,
			"HasAIBehaviorVariableScope" : false
		},
		{
			"ID" : 1115,
			"Name" : "PiratesASP",
			"FriendlyName" : "PiratesASP",
			"Description" : "",
			"FactionDefID" : "faction_PiratesASP",
			"IsRealFaction" : true,
			"IsGreatHouse" : false,
			"IsClan" : false,
			"IsMercenary" : false,
			"IsPirate" : false,
			"DoesGainReputation" : false,
			"CanAlly" : false,
			"IsProceduralContractFaction" : false,
			"IsCareerScoringFaction" : false,
			"IsCareerIgnoredContractTarget" : false,
			"IsCareerStartingDisplayFaction" : false,
			"IsStoryStartingDisplayFaction" : false,
			"HasAIBehaviorVariableScope" : false
		},
		{
			"ID" : 1116,
			"Name" : "PiratesCDE",
			"FriendlyName" : "PiratesCDE",
			"Description" : "",
			"FactionDefID" : "faction_PiratesCDE",
			"IsRealFaction" : true,
			"IsGreatHouse" : false,
			"IsClan" : false,
			"IsMercenary" : false,
			"IsPirate" : false,
			"DoesGainReputation" : false,
			"CanAlly" : false,
			"IsProceduralContractFaction" : false,
			"IsCareerScoringFaction" : false,
			"IsCareerIgnoredContractTarget" : false,
			"IsCareerStartingDisplayFaction" : false,
			"IsStoryStartingDisplayFaction" : false,
			"HasAIBehaviorVariableScope" : false
		},
		{
			"ID" : 1117,
			"Name" : "DabtonBrothers",
			"FriendlyName" : "DabtonBrothers",
			"Description" : "",
			"FactionDefID" : "faction_DabtonBrothers",
			"IsRealFaction" : true,
			"IsGreatHouse" : false,
			"IsClan" : false,
			"IsMercenary" : false,
			"IsPirate" : false,
			"DoesGainReputation" : false,
			"CanAlly" : false,
			"IsProceduralContractFaction" : false,
			"IsCareerScoringFaction" : false,
			"IsCareerIgnoredContractTarget" : false,
			"IsCareerStartingDisplayFaction" : false,
			"IsStoryStartingDisplayFaction" : false,
			"HasAIBehaviorVariableScope" : false
		},
		{
			"ID" : 1118,
			"Name" : "InterstellarExpeditions",
			"FriendlyName" : "InterstellarExpeditions",
			"Description" : "",
			"FactionDefID" : "faction_InterstellarExpeditions",
			"IsRealFaction" : true,
			"IsGreatHouse" : false,
			"IsClan" : false,
			"IsMercenary" : false,
			"IsPirate" : false,
			"DoesGainReputation" : false,
			"CanAlly" : false,
			"IsProceduralContractFaction" : false,
			"IsCareerScoringFaction" : false,
			"IsCareerIgnoredContractTarget" : false,
			"IsCareerStartingDisplayFaction" : false,
			"IsStoryStartingDisplayFaction" : false,
			"HasAIBehaviorVariableScope" : false
		},
		{
			"ID" : 1119,
			"Name" : "AceOfSpades",
			"FriendlyName" : "AceOfSpades",
			"Description" : "",
			"FactionDefID" : "faction_AceOfSpades",
			"IsRealFaction" : true,
			"IsGreatHouse" : false,
			"IsClan" : false,
			"IsMercenary" : false,
			"IsPirate" : false,
			"DoesGainReputation" : false,
			"CanAlly" : false,
			"IsProceduralContractFaction" : false,
			"IsCareerScoringFaction" : false,
			"IsCareerIgnoredContractTarget" : false,
			"IsCareerStartingDisplayFaction" : false,
			"IsStoryStartingDisplayFaction" : false,
			"HasAIBehaviorVariableScope" : false
		},
		{
			"ID" : 1120,
			"Name" : "ZombieAI",
			"FriendlyName" : "ZombieAI",
			"Description" : "",
			"FactionDefID" : "faction_ZombieAI",
			"IsRealFaction" : true,
			"IsGreatHouse" : false,
			"IsClan" : false,
			"IsMercenary" : false,
			"IsPirate" : false,
			"DoesGainReputation" : false,
			"CanAlly" : false,
			"IsProceduralContractFaction" : false,
			"IsCareerScoringFaction" : false,
			"IsCareerIgnoredContractTarget" : false,
			"IsCareerStartingDisplayFaction" : false,
			"IsStoryStartingDisplayFaction" : false,
			"HasAIBehaviorVariableScope" : false
		},
		{
			"ID" : 1121,
			"Name" : "PurpleHaze",
			"FriendlyName" : "PurpleHaze",
			"Description" : "",
			"FactionDefID" : "faction_PurpleHaze",
			"IsRealFaction" : true,
			"IsGreatHouse" : false,
			"IsClan" : false,
			"IsMercenary" : false,
			"IsPirate" : false,
			"DoesGainReputation" : false,
			"CanAlly" : false,
			"IsProceduralContractFaction" : false,
			"IsCareerScoringFaction" : false,
			"IsCareerIgnoredContractTarget" : false,
			"IsCareerStartingDisplayFaction" : false,
			"IsStoryStartingDisplayFaction" : false,
			"HasAIBehaviorVariableScope" : false
		},
		{
			"ID" : 1122,
			"Name" : "RebelsCalypso",
			"FriendlyName" : "RebelsCalypso",
			"Description" : "",
			"FactionDefID" : "faction_RebelsCalypso",
			"IsRealFaction" : true,
			"IsGreatHouse" : false,
			"IsClan" : false,
			"IsMercenary" : false,
			"IsPirate" : false,
			"DoesGainReputation" : false,
			"CanAlly" : false,
			"IsProceduralContractFaction" : false,
			"IsCareerScoringFaction" : false,
			"IsCareerIgnoredContractTarget" : false,
			"IsCareerStartingDisplayFaction" : false,
			"IsStoryStartingDisplayFaction" : false,
			"HasAIBehaviorVariableScope" : false
		},
		{
			"ID" : 1123,
			"Name" : "ThugsTarkin",
			"FriendlyName" : "ThugsTarkin",
			"Description" : "",
			"FactionDefID" : "faction_ThugsTarkin",
			"IsRealFaction" : true,
			"IsGreatHouse" : false,
			"IsClan" : false,
			"IsMercenary" : false,
			"IsPirate" : false,
			"DoesGainReputation" : false,
			"CanAlly" : false,
			"IsProceduralContractFaction" : false,
			"IsCareerScoringFaction" : false,
			"IsCareerIgnoredContractTarget" : false,
			"IsCareerStartingDisplayFaction" : false,
			"IsStoryStartingDisplayFaction" : false,
			"HasAIBehaviorVariableScope" : false
		},
		{
			"ID" : 1124,
			"Name" : "CommandosMiguel",
			"FriendlyName" : "CommandosMiguel",
			"Description" : "",
			"FactionDefID" : "faction_CommandosMiguel",
			"IsRealFaction" : true,
			"IsGreatHouse" : false,
			"IsClan" : false,
			"IsMercenary" : false,
			"IsPirate" : false,
			"DoesGainReputation" : false,
			"CanAlly" : false,
			"IsProceduralContractFaction" : false,
			"IsCareerScoringFaction" : false,
			"IsCareerIgnoredContractTarget" : false,
			"IsCareerStartingDisplayFaction" : false,
			"IsStoryStartingDisplayFaction" : false,
			"HasAIBehaviorVariableScope" : false
		},
		{
			"ID" : 1121,
			"Name" : "Solaris7",
			"FriendlyName" : "Solaris7",
			"Description" : "",
			"FactionDefID" : "faction_Solaris7",
			"IsRealFaction" : true,
			"IsGreatHouse" : false,
			"IsClan" : false,
			"IsMercenary" : false,
			"IsPirate" : false,
			"DoesGainReputation" : true,
			"CanAlly" : false,
			"IsProceduralContractFaction" : true,
			"IsPossibleNeutralToAllFaction" : true,
			"IsPossibleHostileToAllFaction" : true,
			"IsPossibleAllyFallbackFaction" : true,
			"IsCareerScoringFaction" : true,
			"IsCareerIgnoredContractTarget" : false,
			"IsCareerStartingDisplayFaction" : true,
			"IsStoryStartingDisplayFaction" : true,
			"HasAIBehaviorVariableScope" : false
		}
	]
}
