Lights,,,,,,,
mechdef_stinger_STG-A5,33,,33,,33
mechdef_wasp_WSP-105,33,,33,,33
Mediums,,,,,,,
mechdef_phoenixhawk_PXH-HK2,28,,28,,28
mechdef_wyvern_WVE-5Nsl,43,,43,Jump:3052-05-20T00:00:00Z,30,,26
mechdef_galahad_GLH-1D,39,,39,Jump:3052-05-20T00:00:00Z,27,,24
mechdef_phoenixhawk_PXH-1bC,0,,0,,0,3052-01-01T00:00:00Z,3
mechdef_shadowhawk_SHD-2Ht,0,,0,,0,3052-01-01T00:00:00Z,33
Heavies,,,,,,,
mechdef_crusader_CRD-1R,52,,52,Jump:3052-05-20T00:00:00Z,36,,32
mechdef_archer_ARC-5CS,0,,0,,0,3052-01-01T00:00:00Z,14
mechdef_marauder_MAD-5CS,0,,0,,0,3052-01-01T00:00:00Z,19
mechdef_rifleman_RFL-5CS,0,,0,,0,3052-01-01T00:00:00Z,5
mechdef_warhammer_WHM-7CS,0,,0,,0,3052-01-01T00:00:00Z,19
mechdef_koschei_KSC-4I,5,,5,Jump:3052-05-20T00:00:00Z,3,,3
mechdef_koschei_KSC-4L,5,,5,Jump:3052-05-20T00:00:00Z,3,,3
Assaults,,,,,,,
mechdef_battlemaster_BLR-1Gc,3,,3,Jump:3052-05-20T00:00:00Z,2,,2
mechdef_pillager_PLG-1N,3,,3,Jump:3052-05-20T00:00:00Z,2,,2
mechdef_ymir_BWP-3A,3,,3,Jump:3052-05-20T00:00:00Z,2,,2