Lights,,,,,,,
mechdef_wasp_WSP-105,17,,17,,9,,9
mechdef_wasp_WSP-100,11,,11,,6,,6
mechdef_stinger_STG-A5,17,,17,,9,,9
Mediums,,,,,,,
mechdef_phoenixhawk_PXH-HK2,14,,14,,8,,9
mechdef_wyvern_WVE-5Nsl,14,,14,,8,,9
mechdef_galahad_GLH-1D,39,,39,,22,,24
mechdef_phoenixhawk_PXH-1bC,0,,0,,0,3052-01-01T00:00:00Z,3
mechdef_shadowhawk_SHD-2Ht,0,,0,,0,3052-01-01T00:00:00Z,7
Heavies,,,,,,,
mechdef_crusader_CRD-1R,34,,34,,19,,20
mechdef_archer_ARC-5CS,0,,0,,0,3052-01-01T00:00:00Z,7
mechdef_marauder_MAD-5CS,0,,0,,0,3052-01-01T00:00:00Z,9
mechdef_rifleman_RFL-5CS,0,,0,,0,3052-01-01T00:00:00Z,3
mechdef_warhammer_WHM-7CS,0,,0,,0,3052-01-01T00:00:00Z,11
mechdef_koschei_KSC-4I,3,,3,,3,,3
mechdef_koschei_KSC-4L,3,,3,,3,,3
mechdef_excalibur_EXC-B1,3,,3,,3,,3
Assaults,,,,,,,
mechdef_battlemaster_BLR-1Gc,2,,2,,1,,2
mechdef_pillager_PLG-1N,3,,3,,2,,2
mechdef_ymir_BWP-3A,3,,3,,3,,3
mechdef_shogun_SHG-2H,3,,3,,3,,3