Lights,,,,,,,
mechdef_wasp_WSP-100,19,,19,Jump:3052-05-20T00:00:00Z,13,,12
Mediums,,,,,,,
mechdef_griffin_GRF-4N,114,,114,Jump:3052-05-20T00:00:00Z,79,,70
mechdef_wyvern_WVE-5Nsl,14,,14,Jump:3052-05-20T00:00:00Z,10,,9
mechdef_galahad_GLH-1D,39,,39,Jump:3052-05-20T00:00:00Z,27,,24
mechdef_phoenixhawk_PXH-1bC,0,,0,,0,3052-01-01T00:00:00Z,3
mechdef_shadowhawk_SHD-2Ht,0,,0,,0,3052-01-01T00:00:00Z,33
Heavies,,,,,,,
mechdef_crusader_CRD-1R,34,,34,Jump:3052-05-20T00:00:00Z,24,,21
mechdef_archer_ARC-5CS,0,,0,,0,3052-01-01T00:00:00Z,14
mechdef_marauder_MAD-5CS,0,,0,,0,3052-01-01T00:00:00Z,19
mechdef_rifleman_RFL-5CS,0,,0,,0,3052-01-01T00:00:00Z,5
mechdef_warhammer_WHM-7CS,0,,0,,0,3052-01-01T00:00:00Z,19
mechdef_koschei_KSC-4I,5,,5,Jump:3052-05-20T00:00:00Z,3,,3
mechdef_koschei_KSC-4L,5,,5,Jump:3052-05-20T00:00:00Z,3,,3
mechdef_excalibur_EXC-B1,5,,5,Jump:3052-05-20T00:00:00Z,3,,3
Assaults,,,,,,,
mechdef_battlemaster_BLR-1Gc,3,,3,Jump:3052-05-20T00:00:00Z,2,,2
mechdef_pillager_PLG-1N,3,,3,Jump:3052-05-20T00:00:00Z,2,,2
mechdef_ymir_BWP-3A,3,,3,Jump:3052-05-20T00:00:00Z,2,,2
mechdef_shogun_SHG-2H,3,,3,Jump:3052-05-20T00:00:00Z,2,,2