{
    "Description" : {
        "Cost" : 0,
        "Rarity" : 0,
        "Purchasable" : true,
        "UIName" : "",
        "Id" : "argoUpgrade_medBay_mash_lifeSupportUnits",
        "Name" : "Life-Support Units",
        "Details" : "Life-Support Units allow for the transportation of critically injured patients, although they require the use of a vehicle to be portable. Frequently used by medevac teams, these units can supply blood, oxygen, and medicines to a patient and deliver both cardiac and neural shocks to keep a patient alive. They are frequently used in conjunction with Portable Medical Monitors.",
        "Icon" : "uixSvgIcon_shipUpgrade_medbay3"
    },
    "Illustration" : "uixTxrSpot_MedBay",
    "Location" : "SHIP",
    "shipUpgradeCategoryID" : "MED_BAY",
    "AssignedCastDefId": "castDef_FarahDefault",
    "AssignedCastDescription": "Generally, such equipment is intended for medevac teams, but it will be very useful for the M.A.S.H. on our Leopard: it will be much easier to bring seriously wounded MechWarriors on board, and in a much more stable state.",
    "RequiredModules" : {
        "items" : [
			"argoUpgrade_medBay_mash"
        ],
        "tagSetSourceFile" : ""
    },
    "Requirements" : [
        
    ],
    "TechCost" : 15,
    "PurchaseCost" : 1250000,
    "AdditionalCost" : 7500,
    "Tags" : {
        "items" : [
            "argo_medbay_mash_lifeSupport_Units"
        ],
        "tagSetSourceFile" : ""
    },
    "Stats" : [
		{
			"typeString" : "System.Single",
			"name" : "IncapacitatedDeathChance",
			"value" : -0.15,
			"valueConstant" : ""
		},
		{
			"typeString" : "System.Single",
			"name" : "LethalDeathChance",
			"value" : -0.15,
			"valueConstant" : ""
		}		
    ]
}