{
    "Description" : {
        "Cost" : 0,
        "Rarity" : 0,
        "Purchasable" : true,
        "UIName" : "",
        "Id" : "argoUpgrade_medBay_hospital",
        "Name" : "Hospital Bay",
        "Details" : "The original <i>Argo</i> specifications had room and infrastructure for actual hospital facilities, rather than just simple Med Bays. With a full hospital's worth of equipment and connections to the ship's library and databases, the MedTechs are able to perform near-miracles of healing. All Med Bays will be converted into Hospital Bays.",
        "Icon" : "uixSvgIcon_shipUpgrade_medbay4"
    },
    "Illustration" : "uixTxrSpot_MedBay",
    "Location" : "SHIP",
    "Category" : "MED_BAY",
    "AssignedCastDefId": "castDef_DariusDefault",
    "AssignedCastDescription": "Commander, the medics are talking about all the advanced facilities, and we now have sufficient power to operate it all. We'd need to do a major overhaul of all our Med Bays, but we'd substantially increase our ability to treat severe injuries.",
    "RequiredModules" : {
        "items" : [
			"argoUpgrade_medBay3",
			"argoUpgrade_power3"
        ],
        "tagSetSourceFile" : ""
    },
    "Requirements" : [
        
    ],
    "TechCost" : 30,
    "PurchaseCost" : 2700000,
    "AdditionalCost" : 19700,
    "Tags" : {
        "items" : [
            "argo_medbay_hospital"
        ],
        "tagSetSourceFile" : ""
    },
    "Stats" : [
		{
			"typeString" : "System.Int32",
			"name" : "MedTechSkill",
			"value" : 2,
			"valueConstant" : ""
		},
		{
			"typeString" : "System.Single",
			"name" : "IncapacitatedDeathChance",
			"value" : -0.25,
			"valueConstant" : ""
		},
		{
			"typeString" : "System.Single",
			"name" : "LethalDeathChance",
			"value" : -0.25,
			"valueConstant" : ""
		}		
    ]
}