{
    "Description" : {
        "Id" : "fp_armedRobberyAU",
        "Name" : "Special Offer: Armed Robbery",
        "Details" : "",
        "Icon" : "uixTxrSpot_FP_S&V_titlecard"
    },
    "Weight" : 70,
    "InternalName" : "armedRobberyAU",
    "PublishState" : "PUBLISHED",
    "Difficulty" : 2,
    "Requirements" : [],
    "LocationRequirements" : {
        "Scope" : "StarSystem",
        "RequirementTags" : {
            "items" : [
                "planet_name_kitalpha"
            ],
            "tagSetSourceFile" : "Tags/PlanetNameTags"
        },
        "ExclusionTags" : {
            "items" : [],
            "tagSetSourceFile" : ""
        },
        "RequirementComparisons" : []
    },
    "PotentialEmployers" : [
        "AngryUrbies"
    ],
    "TargetFaction" : "Unknown",
    "AllowRefitTime" : true,
    "FlashpointLength" : "SHORT",
    "Repeatable" : false,
    "MilestoneSetID" : "ms_fp_armedRobberyAU",
    "UseAvailableTimeoutOverride" : false,
    "AvailableTimeout" : 0,
    "UseInProgressTimeoutOverride" : false,
    "InProgressTimeout" : 0,
    "RewardCollectionID" : "itemCollection_loot_fp_reward_mechsMercsRnR",
    "UnitDropTonnageHint" : "None",
    "LanceDropTonnageHint" : "None",
    "FlashpointShortDescription" : "Billy and his gang have found a poorly guarded valuable cargo at one of the local transit points, Commander, and they want to grab it with our help. If we're in business, we need to be there before that cargo goes somewhere else.",
    "FlashpointDescriberCastDefId" : "castDef_DariusDefault",
    "Tags" : {
        "items" : [
            "StartingFlashpoint"
        ],
        "tagSetSourceFile" : "tags/FlashpointTags"
    }
}