{
    "Description" : {
        "Id" : "fp_betterLeftBuried",
        "Name" : "Better Left Buried",
        "Details" : "",
        "Icon" : "uixTxrSpot_FP_Better_Left_Buried"
    },
    "Weight" : 10,
    "InternalName" : "betterLeftBuried",
    "PublishState" : "PUBLISHED",
    "Difficulty" : 10,
    "Requirements" : [
        {
            "Scope" : "Company",
            "RequirementTags" : {
                "items" : [],
                "tagSetSourceFile" : "Tags/CompanyTags"
            },
            "ExclusionTags" : {
                "items" : [],
                "tagSetSourceFile" : ""
            },
            "RequirementComparisons" : []
        }
    ],
    "LocationRequirements" : {
        "Scope" : "StarSystem",
        "RequirementTags" : {
            "items" : [
                "planet_name_nightwish"
            ],
            "tagSetSourceFile" : "Tags/PlanetNameTags"
        },
        "ExclusionTags" : {
            "items" : [],
            "tagSetSourceFile" : ""
        },
        "RequirementComparisons" : []
    },
    "PotentialEmployers" : [
        "InterstellarExpeditions"
    ],
    "TargetFaction" : "Unknown",
    "AllowRefitTime" : false,
    "FlashpointLength" : "SHORT",
    "Repeatable" : false,
    "MilestoneSetID" : "ms_fp_betterLeftBuried",
    "UseAvailableTimeoutOverride" : false,
    "AvailableTimeout" : 0,
    "UseInProgressTimeoutOverride" : false,
    "InProgressTimeout" : 0,
    "RewardCollectionID" : "itemCollection_loot_fp_reward_mechsMercsRnR",
    "UnitDropTonnageHint" : "None",
    "LanceDropTonnageHint" : "None",
    "FlashpointShortDescription" : "We are to rendezvous with Reno Ford and his expedition in this system, Commander. The professor agrees to wait a little, but it’s better to go there before our contract is broken, and besides, our search for the family legend of Carnor Sal supposedly leads here.",
    "FlashpointDescriberCastDefId" : "castDef_DariusDefault",
    "Tags" : {
        "items" : [
            "StartingFlashpoint"
        ],
        "tagSetSourceFile" : "tags/FlashpointTags"
    }
}