{
    "Description" : {
        "Id" : "fp_blackSabbath",
        "Name" : "Black Sabbath",
        "Details" : "",
        "Icon" : "uixTxrSpot_FP_Black_Sabbath_titlecard.png"
    },
    "Weight" : 10,
    "InternalName" : "blackSabbath",
    "PublishState" : "PUBLISHED",
    "Difficulty" : 10,
    "Requirements" : [],
    "LocationRequirements" : {
        "Scope" : "StarSystem",
        "RequirementTags" : {
            "tagSetSourceFile" : "",
            "items" : [
                "planet_name_helland"
            ]
        },
        "ExclusionTags" : {
            "tagSetSourceFile" : "",
            "items" : []
        },
        "RequirementComparisons" : []
    },
    "PotentialEmployers" : [
        "FirestarterRecords"
    ],
    "TargetFaction" : "BlackSabbath",
    "AllowRefitTime" : false,
    "FlashpointLength" : "LONG",
    "Repeatable" : false,
    "MilestoneSetID" : "ms_fp_blackSabbath",
    "UseAvailableTimeoutOverride" : false,
    "AvailableTimeout" : 2000,
    "UseInProgressTimeoutOverride" : false,
    "InProgressTimeout" : 180,
    "RewardCollectionID" : "itemCollection_loot_fp_reward_mechsMercsRnR",
    "UnitDropTonnageHint" : "Heavy",
    "LanceDropTonnageHint" : "None",
    "FlashpointShortDescription" : "Time to shoot some pirates, {COMMANDER.CallSign}. Grab your heavy 'Mechs and meet me in orbit.",
    "FlashpointDescriberCastDefId" : "castDef_DieterAnders",
    "Tags" : {
        "tagSetSourceFile" : "tags/FlashpointTags",
        "items" : [
            "StartingFlashpoint"
        ]
    }
}