{
    "Description" : {
        "Id" : "fp_fistfulOfDiamondsAU",
        "Name" : "Special Offer: Fistful Of Diamonds",
        "Details" : "",
        "Icon" : "uixTxrSpot_FP_S&V_titlecard"
    },
    "Weight" : 70,
    "InternalName" : "fistfulOfDiamondsAU",
    "PublishState" : "PUBLISHED",
    "Difficulty" : 4,
    "Requirements" : [],
    "LocationRequirements" : {
        "Scope" : "StarSystem",
        "RequirementTags" : {
            "items" : [
                "planet_name_porrima"
            ],
            "tagSetSourceFile" : "Tags/PlanetNameTags"
        },
        "ExclusionTags" : {
            "items" : [],
            "tagSetSourceFile" : ""
        },
        "RequirementComparisons" : []
    },
    "PotentialEmployers" : [
        "AngryUrbies"
    ],
    "TargetFaction" : "Unknown",
    "AllowRefitTime" : true,
    "FlashpointLength" : "SHORT",
    "Repeatable" : false,
    "MilestoneSetID" : "ms_fp_fistfulOfDiamondsAU",
    "UseAvailableTimeoutOverride" : false,
    "AvailableTimeout" : 0,
    "UseInProgressTimeoutOverride" : false,
    "InProgressTimeout" : 0,
    "RewardCollectionID" : "itemCollection_loot_fp_reward_mechsMercsRnR",
    "UnitDropTonnageHint" : "None",
    "LanceDropTonnageHint" : "None",
    "FlashpointShortDescription" : "Bop and his bandits want to steal a shipment of gemstones, they are ready to split the loot in half if we help them. These guys have never fooled us yet, but considering how much they like to get into trouble, it makes sense to prepare as much as possible, {COMMANDER.FirstName}...",
    "FlashpointDescriberCastDefId" : "castDef_DariusDefault",
    "Tags" : {
        "items" : [
            "StartingFlashpoint"
        ],
        "tagSetSourceFile" : "tags/FlashpointTags"
    }
}