{
    "Description" : {
        "Id" : "fp_mechsMercsRnR",
        "Name" : "'Mechs, Mercs & Rock'n'Roll",
        "Details" : "",
        "Icon" : "uixTxrSpot_FP_MMRNR_titlecard.png"
    },
    "Weight" : 10,
    "InternalName" : "mechsMercsRnR",
    "PublishState" : "PUBLISHED",
    "Difficulty" : 10,
    "Requirements" :  [],
    "LocationRequirements" : {
        "Scope" : "StarSystem",
        "RequirementTags" : {
            "tagSetSourceFile" : "",
            "items" : [
                "planet_name_notwina"
            ]
        },
        "ExclusionTags" : {
            "tagSetSourceFile" : "",
            "items" : []
        },
        "RequirementComparisons" : []
    },
    "PotentialEmployers" : [
        "RockBand"
    ],
    "TargetFaction" : "Unknown",
    "AllowRefitTime" : false,
    "FlashpointLength" : "MEDIUM",
    "Repeatable" : false,
    "MilestoneSetID" : "ms_fp_mechsMercsRnR",
    "UseAvailableTimeoutOverride" : false,
    "AvailableTimeout" : 2000,
    "UseInProgressTimeoutOverride" : false,
    "InProgressTimeout" : 180,
    "RewardCollectionID" : "itemCollection_loot_fp_reward_mechsMercsRnR",
    "UnitDropTonnageHint" : "None",
    "LanceDropTonnageHint" : "None",
    "FlashpointShortDescription" : "Hey, Commander. We’ve got an urgent job for your team and we pay well! Don't let the MAN stop the rock!",
    "FlashpointDescriberCastDefId" : "castDef_JezzTorrent",
    "Tags" : {
        "tagSetSourceFile" : "tags/FlashpointTags",
        "items" : [
            "StartingFlashpoint"
        ]
    }
}