{
    "Description" : {
        "Id" : "fp_oldWallsAndNewFriends",
        "Name" : "Old Walls & New Friends",
        "Details" : "",
        "Icon" : "uixTxrSpot_FP_OWaNF"
    },
    "Weight" : 10,
    "InternalName" : "oldWallsAndNewFriends",
    "PublishState" : "PUBLISHED",
    "Difficulty" : 8,
    "Requirements" : [
        {
            "Scope" : "Company",
            "RequirementTags" : {
                "items" : [],
                "tagSetSourceFile" : "Tags/CompanyTags"
            },
            "ExclusionTags" : {
                "items" : [],
                "tagSetSourceFile" : ""
            },
            "RequirementComparisons" : []
        }
    ],
    "LocationRequirements" : {
        "Scope" : "StarSystem",
        "RequirementTags" : {
            "items" : [
                "planet_name_greenlaw"
            ],
            "tagSetSourceFile" : "Tags/PlanetNameTags"
        },
        "ExclusionTags" : {
            "items" : [],
            "tagSetSourceFile" : ""
        },
        "RequirementComparisons" : []
    },
    "PotentialEmployers" : [
        "Unknown"
    ],
    "TargetFaction" : "Unknown",
    "AllowRefitTime" : false,
    "FlashpointLength" : "MEDIUM",
    "Repeatable" : false,
    "MilestoneSetID" : "ms_fp_oWANF",
    "UseAvailableTimeoutOverride" : false,
    "AvailableTimeout" : 0,
    "UseInProgressTimeoutOverride" : false,
    "InProgressTimeout" : 0,
    "RewardCollectionID" : "itemCollection_loot_fp_reward_mechsMercsRnR",
    "UnitDropTonnageHint" : "Heavy",
    "LanceDropTonnageHint" : "None",
    "FlashpointShortDescription" : "As me and Sumire discovered, Greenlaw is the planet that most closely matches our poem, Commander. Let's try to find something here.",
    "FlashpointDescriberCastDefId" : "castDef_FarahDefault",
    "Tags" : {
        "items" : [
            "StartingFlashpoint"
        ],
        "tagSetSourceFile" : "tags/FlashpointTags"
    }
}