{
    "Description" : {
        "Id" : "fp_ratRaceAU",
        "Name" : "Spite & Violence: Rat Race",
        "Details" : "",
        "Icon" : "uixTxrSpot_FP_S&V_titlecard"
    },
    "Weight" : 70,
    "InternalName" : "ratRaceAU",
    "PublishState" : "PUBLISHED",
    "Difficulty" : 3,
    "Requirements" : [],
    "LocationRequirements" : {
        "Scope" : "StarSystem",
        "RequirementTags" : {
            "items" : [
                "planet_name_bluediamond"
            ],
            "tagSetSourceFile" : "Tags/PlanetNameTags"
        },
        "ExclusionTags" : {
            "items" : [],
            "tagSetSourceFile" : ""
        },
        "RequirementComparisons" : []
    },
    "PotentialEmployers" : [
        "AngryUrbies"
    ],
    "TargetFaction" : "Unknown",
    "AllowRefitTime" : true,
    "FlashpointLength" : "SHORT",
    "Repeatable" : false,
    "MilestoneSetID" : "ms_fp_ratRaceAU",
    "UseAvailableTimeoutOverride" : false,
    "AvailableTimeout" : 0,
    "UseInProgressTimeoutOverride" : false,
    "InProgressTimeout" : 0,
    "RewardCollectionID" : "itemCollection_loot_fp_reward_mechsMercsRnR",
    "UnitDropTonnageHint" : "None",
    "LanceDropTonnageHint" : "None",
    "FlashpointShortDescription" : "Billy and his guys have found some kind of storage facility where antiques are taken, and they assume that some LosTech may also be there, Commander. The pirates believe that all the goods will be taken out soon, so we should hurry. Well, as usual, isn't it?",
    "FlashpointDescriberCastDefId" : "castDef_DariusDefault",
    "Tags" : {
        "items" : [
            "StartingFlashpoint"
        ],
        "tagSetSourceFile" : "tags/FlashpointTags"
    }
}