{
    "Description" : {
        "Id" : "fp_runThroughTheJungle",
        "Name" : "Run Through The Jungle",
        "Details" : "",
        "Icon" : "uixTxrSpot_FP_RTTJ_titlecard.png"
    },
    "Weight" : 10,
    "InternalName" : "runThroughTheJungle",
    "PublishState" : "PUBLISHED",
    "Difficulty" : 10,
    "Requirements" : [],
    "LocationRequirements" : {
        "Scope" : "StarSystem",
        "RequirementTags" : {
            "tagSetSourceFile" : "",
            "items" : [
                "planet_name_choudrant"
            ]
        },
        "ExclusionTags" : {
            "tagSetSourceFile" : "",
            "items" : []
        },
        "RequirementComparisons" : []
    },
    "PotentialEmployers" : [
        "Unknown"
    ],
    "TargetFaction" : "Unknown",
    "AllowRefitTime" : false,
    "FlashpointLength" : "LONG",
    "Repeatable" : false,
    "MilestoneSetID" : "ms_fp_rTTJ",
    "UseAvailableTimeoutOverride" : false,
    "AvailableTimeout" : 2000,
    "UseInProgressTimeoutOverride" : false,
    "InProgressTimeout" : 180,
    "RewardCollectionID" : "itemCollection_loot_fp_reward_mechsMercsRnR",
    "UnitDropTonnageHint" : "Heavy",
    "LanceDropTonnageHint" : "None",
    "FlashpointShortDescription" : "Anders wants us to find his cousin, NAIS archaeologist Thomas Bohlen. Thomas must have something that our employer needs for our Big Deal, and should now be with the expedition at Choudrant, but what kind of problems the archaeologists are having are unknown, so it makes sense for us to prepare as much as possible.",
    "FlashpointDescriberCastDefId" : "castDef_DariusDefault",
    "Tags" : {
        "tagSetSourceFile" : "tags/FlashpointTags",
        "items" : [
            "StartingFlashpoint"
        ]
    }
}