{
    "Description" : {
        "Id" : "fp_theBigDeal",
        "Name" : "The Big Deal",
        "Details" : "",
        "Icon" : "uixTxrSpot_FP_TBD_titlecard.png"
    },
    "Weight" : 10,
    "InternalName" : "theBigDeal",
    "PublishState" : "PUBLISHED",
    "Difficulty" : 10,
    "Requirements" : [],
    "LocationRequirements" : {
        "Scope" : "Company",
        "RequirementTags" : {
            "tagSetSourceFile" : "",
            "items" : [
                "planet_name_bryant"
            ]
        },
        "ExclusionTags" : {
            "tagSetSourceFile" : "",
            "items" : []
        },
        "RequirementComparisons" : []
    },
    "PotentialEmployers" : [
        "FirestarterRecords"
    ],
    "TargetFaction" : "Unknown",
    "AllowRefitTime" : false,
    "FlashpointLength" : "LONG",
    "Repeatable" : false,
    "MilestoneSetID" : "ms_fp_theBigDeal",
    "UseAvailableTimeoutOverride" : false,
    "AvailableTimeout" : 2000,
    "UseInProgressTimeoutOverride" : false,
    "InProgressTimeout" : 180,
    "RewardCollectionID" : "itemCollection_loot_fp_reward_mechsMercsRnR",
    "UnitDropTonnageHint" : "None",
    "LanceDropTonnageHint" : "None",
    "FlashpointShortDescription" : "Dieter Anders has given us a message, Commander — time for his Big Deal, whatever it is. If we're still in business, then it's time to move on.",
    "FlashpointDescriberCastDefId" : "castDef_DariusDefault",
    "Tags" : {
        "tagSetSourceFile" : "tags/FlashpointTags",
        "items" : [
            "StartingFlashpoint"
        ]
    }
}