{
    "Description" : {
        "Id" : "fp_underTheSun",
        "Name" : "Under The Sun",
        "Details" : "",
        "Icon" : "uixTxrSpot_FP_Under_The_Sun"
    },
    "Weight" : 50,
    "InternalName" : "underTheSun",
    "PublishState" : "PUBLISHED",
    "Difficulty" : 4,
    "Requirements" : [
        {
            "Scope" : "Company",
            "RequirementTags" : {
                "items" : [],
                "tagSetSourceFile" : "Tags/CompanyTags"
            },
            "ExclusionTags" : {
                "items" : [],
                "tagSetSourceFile" : ""
            },
            "RequirementComparisons" : []
        }
    ],
    "LocationRequirements" : {
        "Scope" : "StarSystem",
        "RequirementTags" : {
            "items" : [
                "planet_name_raman"
            ],
            "tagSetSourceFile" : "Tags/PlanetNameTags"
        },
        "ExclusionTags" : {
            "items" : [],
            "tagSetSourceFile" : ""
        },
        "RequirementComparisons" : []
    },
    "PotentialEmployers" : [
        "Unknown"
    ],
    "TargetFaction" : "Unknown",
    "AllowRefitTime" : false,
    "FlashpointLength" : "SHORT",
    "Repeatable" : false,
    "MilestoneSetID" : "ms_fp_underTheSun",
    "UseAvailableTimeoutOverride" : false,
    "AvailableTimeout" : 0,
    "UseInProgressTimeoutOverride" : false,
    "InProgressTimeout" : 0,
    "RewardCollectionID" : "itemCollection_loot_fp_reward_mechsMercsRnR",
    "UnitDropTonnageHint" : "Light",
    "LanceDropTonnageHint" : "None",
    "FlashpointShortDescription" : "Boss, your old schoolmate had contacted us. He offers decent payment for assistance, and he said it’s a personal matter. This might be interesting.",
    "FlashpointDescriberCastDefId" : "castDef_DariusDefault",
    "Tags" : {
        "tagSetSourceFile" : "tags/FlashpointTags",
        "items" : [
            "StartingFlashpoint"
        ]
    }
}