{
    "Description" : {
        "Id" : "fp_urbiesGotAGunAU",
        "Name" : "Special Offer: Urbie's Got A Gun",
        "Details" : "",
        "Icon" : "uixTxrSpot_FP_S&V_titlecard"
    },
    "Weight" : 70,
    "InternalName" : "urbiesGotAGunAU",
    "PublishState" : "PUBLISHED",
    "Difficulty" : 4,
    "Requirements" : [],
    "LocationRequirements" : {
        "Scope" : "StarSystem",
        "RequirementTags" : {
            "items" : [
                "planet_name_rukbat"
            ],
            "tagSetSourceFile" : "Tags/PlanetNameTags"
        },
        "ExclusionTags" : {
            "items" : [],
            "tagSetSourceFile" : ""
        },
        "RequirementComparisons" : []
    },
    "PotentialEmployers" : [
        "AngryUrbies"
    ],
    "TargetFaction" : "Unknown",
    "AllowRefitTime" : true,
    "FlashpointLength" : "SHORT",
    "Repeatable" : false,
    "MilestoneSetID" : "ms_fp_urbiesGotAGunAU",
    "UseAvailableTimeoutOverride" : false,
    "AvailableTimeout" : 0,
    "UseInProgressTimeoutOverride" : false,
    "InProgressTimeout" : 0,
    "RewardCollectionID" : "itemCollection_loot_fp_reward_mechsMercsRnR",
    "UnitDropTonnageHint" : "None",
    "LanceDropTonnageHint" : "None",
    "FlashpointShortDescription" : "Angry Urbies are calling us to work as a duet: they want to intercept the Combine’s weapons convoy. There may be other pirates here who can beat them to it, so time is of the essence, Commander.",
    "FlashpointDescriberCastDefId" : "castDef_DariusDefault",
    "Tags" : {
        "items" : [
            "StartingFlashpoint"
        ],
        "tagSetSourceFile" : "tags/FlashpointTags"
    }
}