{
    "Description" : {
        "Id" : "fp_wildWedding",
        "Name" : "Wild Wedding",
        "Details" : "",
        "Icon" : "uixTxrSpot_FP_WW_titlecard.png"
    },
    "Weight" : 10,
    "InternalName" : "wildWedding",
    "PublishState" : "PUBLISHED",
    "Difficulty" : 8,
    "Requirements" : [],
    "LocationRequirements" : {
        "Scope" : "Company",
        "RequirementTags" : {
            "tagSetSourceFile" : "",
            "items" : [
                "planet_name_newavalon"
            ]
        },
        "ExclusionTags" : {
            "tagSetSourceFile" : "",
            "items" : []
        },
        "RequirementComparisons" : []
    },
    "PotentialEmployers" : [
        "FirestarterRecords"
    ],
    "TargetFaction" : "Unknown",
    "AllowRefitTime" : false,
    "FlashpointLength" : "MEDIUM",
    "Repeatable" : false,
    "MilestoneSetID" : "ms_fp_wildWedding",
    "UseAvailableTimeoutOverride" : false,
    "AvailableTimeout" : 2000,
    "UseInProgressTimeoutOverride" : false,
    "InProgressTimeout" : 180,
    "RewardCollectionID" : "itemCollection_loot_fp_reward_mechsMercsRnR",
    "UnitDropTonnageHint" : "Mixed",
    "LanceDropTonnageHint" : "None",
    "FlashpointShortDescription" : "Surprised, {COMMANDER.CallSign}? I have a job for you. Yes, at New Avalon.",
    "FlashpointDescriberCastDefId" : "castDef_DieterAnders",
    "Tags" : {
        "tagSetSourceFile" : "tags/FlashpointTags",
        "items" : [
            "StartingFlashpoint"
        ]
    }
}