{
    "Description" : {
        "Cost" : 0,
        "Rarity" : 0,
        "Purchasable" : true,
        "UIName" : "",
        "Id" : "argoUpgrade_medBay_mash_improved",
        "Name" : "Upgraded M.A.S.H.",
        "Details" : "Despite the technological collapse following the Succession Wars, some of the M.A.S.H. equipment has become quite obsolete since the Star League era. Replacing it with modern analogs will increase the efficiency of the mobile surgical hospital and, accordingly, the chances of wounded MechWarriors to survive.",
        "Icon" : "uixSvgIcon_shipUpgrade_medbay2"
    },
    "Illustration" : "uixTxrSpot_MedBay",
    "Location" : "SHIP",
    "shipUpgradeCategoryID" : "MED_BAY",
    "AssignedCastDefId": "castDef_FarahDefault",
    "AssignedCastDescription": "We have a really good M.A.S.H. and the MedTechs are pretty pleased with it, but it makes sense to replace some of the hardware, Commander. Not that it is unreliable, but there are more efficient and up-to-date models.",
    "RequiredModules" : {
        "items" : [
			"argoUpgrade_medBay_mash"
        ],
        "tagSetSourceFile" : ""
    },
    "Requirements" : [
        
    ],
    "TechCost" : 30,
    "PurchaseCost" : 2500000,
    "AdditionalCost" : 7500,
    "Tags" : {
        "items" : [
            "argo_medbay_mash_improved"
        ],
        "tagSetSourceFile" : ""
    },
    "Stats" : [
		{
			"typeString" : "System.Single",
			"name" : "IncapacitatedDeathChance",
			"value" : -0.2,
			"valueConstant" : ""
		},
		{
			"typeString" : "System.Single",
			"name" : "LethalDeathChance",
			"value" : -0.2,
			"valueConstant" : ""
		}		
    ]
}